id,name,category,brand,price,quantity_sold,availability,date,rating
electronics_000,BrandA Keyboard,electronics,BrandA,1678.91,16,74,2025-07-13,3.2
electronics_000,BrandA Keyboard,electronics,BrandA,1409.99,6,35,2025-07-14,3.1
electronics_000,BrandA Keyboard,electronics,BrandA,1589.88,3,23,2025-07-15,4.2
electronics_000,BrandA Keyboard,electronics,BrandA,1572.98,12,27,2025-07-16,4.9
electronics_000,BrandA Keyboard,electronics,BrandA,1551.07,19,81,2025-07-17,5.0
electronics_000,BrandA Keyboard,electronics,BrandA,1662.13,20,94,2025-07-18,3.0
electronics_000,BrandA Keyboard,electronics,BrandA,1642.95,14,29,2025-07-19,3.5
electronics_000,BrandA Keyboard,electronics,BrandA,1697.79,14,97,2025-07-20,3.3
electronics_000,BrandA Keyboard,electronics,BrandA,1475.55,22,100,2025-07-21,3.4
electronics_000,BrandA Keyboard,electronics,BrandA,1534.2,26,122,2025-07-22,3.8
electronics_000,BrandA Keyboard,electronics,BrandA,1585.04,12,65,2025-07-23,4.0
electronics_000,BrandA Keyboard,electronics,BrandA,1592.32,25,194,2025-07-24,4.2
electronics_000,BrandA Keyboard,electronics,BrandA,1494.8,6,12,2025-07-25,3.8
electronics_000,BrandA Keyboard,electronics,BrandA,1510.02,2,10,2025-07-26,4.4
electronics_000,BrandA Keyboard,electronics,BrandA,1673.48,34,200,2025-07-27,4.8
electronics_000,BrandA Keyboard,electronics,BrandA,1557.71,7,29,2025-07-28,4.3
electronics_000,BrandA Keyboard,electronics,BrandA,1647.35,13,69,2025-07-29,3.8
electronics_000,BrandA Keyboard,electronics,BrandA,1496.34,12,26,2025-07-30,4.4
electronics_000,BrandA Keyboard,electronics,BrandA,1559.13,6,44,2025-07-31,4.0
electronics_000,BrandA Keyboard,electronics,BrandA,1715.03,7,39,2025-08-01,4.1
electronics_000,BrandA Keyboard,electronics,BrandA,1765.42,29,166,2025-08-02,3.6
electronics_000,BrandA Keyboard,electronics,BrandA,1626.89,7,31,2025-08-03,4.8
electronics_000,BrandA Keyboard,electronics,BrandA,1509.14,12,89,2025-08-04,3.5
electronics_000,BrandA Keyboard,electronics,BrandA,1463.02,6,31,2025-08-05,4.0
electronics_000,BrandA Keyboard,electronics,BrandA,1483.31,11,33,2025-08-06,3.4
electronics_000,BrandA Keyboard,electronics,BrandA,1403.52,6,21,2025-08-07,3.5
electronics_000,BrandA Keyboard,electronics,BrandA,1658.31,8,63,2025-08-08,3.5
electronics_000,BrandA Keyboard,electronics,BrandA,1630.16,4,16,2025-08-09,4.3
electronics_000,BrandA Keyboard,electronics,BrandA,1662.42,20,106,2025-08-10,4.2
electronics_000,BrandA Keyboard,electronics,BrandA,1554.01,8,54,2025-08-11,3.9
electronics_000,BrandA Keyboard,electronics,BrandA,1567.55,26,176,2025-08-12,3.3
electronics_000,BrandA Keyboard,electronics,BrandA,1726.22,25,98,2025-08-13,3.4
electronics_000,BrandA Keyboard,electronics,BrandA,1642.34,13,33,2025-08-14,4.9
electronics_000,BrandA Keyboard,electronics,BrandA,1605.5,12,72,2025-08-15,4.5
electronics_000,BrandA Keyboard,electronics,BrandA,1651.81,15,50,2025-08-16,3.3
electronics_000,BrandA Keyboard,electronics,BrandA,1636.37,10,79,2025-08-17,4.9
electronics_000,BrandA Keyboard,electronics,BrandA,1651.4,8,29,2025-08-18,4.4
electronics_000,BrandA Keyboard,electronics,BrandA,1579.91,14,102,2025-08-19,4.7
electronics_000,BrandA Keyboard,electronics,BrandA,1639.65,17,129,2025-08-20,4.9
electronics_000,BrandA Keyboard,electronics,BrandA,1492.2,13,60,2025-08-21,5.0
electronics_000,BrandA Keyboard,electronics,BrandA,1464.57,13,84,2025-08-22,4.4
electronics_000,BrandA Keyboard,electronics,BrandA,1668.84,10,58,2025-08-23,3.5
electronics_000,BrandA Keyboard,electronics,BrandA,1660.65,15,111,2025-08-24,3.9
electronics_000,BrandA Keyboard,electronics,BrandA,1675.43,14,100,2025-08-25,3.5
electronics_000,BrandA Keyboard,electronics,BrandA,1794.36,21,47,2025-08-26,5.0
electronics_000,BrandA Keyboard,electronics,BrandA,1428.24,27,175,2025-08-27,4.9
electronics_000,BrandA Keyboard,electronics,BrandA,1619.78,11,86,2025-08-28,3.2
electronics_000,BrandA Keyboard,electronics,BrandA,1495.08,9,44,2025-08-29,3.7
electronics_000,BrandA Keyboard,electronics,BrandA,1723.21,24,58,2025-08-30,3.4
electronics_000,BrandA Keyboard,electronics,BrandA,1543.32,12,45,2025-08-31,3.6
electronics_000,BrandA Keyboard,electronics,BrandA,1607.25,14,63,2025-09-01,3.5
electronics_000,BrandA Keyboard,electronics,BrandA,1512.44,3,17,2025-09-02,3.4
electronics_000,BrandA Keyboard,electronics,BrandA,1557.94,3,21,2025-09-03,3.1
electronics_000,BrandA Keyboard,electronics,BrandA,1446.09,31,123,2025-09-04,3.3
electronics_000,BrandA Keyboard,electronics,BrandA,1538.11,4,15,2025-09-05,4.1
electronics_000,BrandA Keyboard,electronics,BrandA,1712.79,8,62,2025-09-06,3.9
electronics_000,BrandA Keyboard,electronics,BrandA,1603.95,15,92,2025-09-07,3.3
electronics_000,BrandA Keyboard,electronics,BrandA,1466.35,14,49,2025-09-08,3.4
electronics_000,BrandA Keyboard,electronics,BrandA,1560.31,18,42,2025-09-09,4.8
electronics_000,BrandA Keyboard,electronics,BrandA,1447.03,5,15,2025-09-10,4.9
electronics_001,BrandB Laptop,electronics,BrandB,1986.3,21,94,2025-07-13,3.5
electronics_001,BrandB Laptop,electronics,BrandB,1994.86,2,10,2025-07-14,3.1
electronics_001,BrandB Laptop,electronics,BrandB,1851.05,6,29,2025-07-15,3.9
electronics_001,BrandB Laptop,electronics,BrandB,1849.6,9,51,2025-07-16,4.3
electronics_001,BrandB Laptop,electronics,BrandB,1861.47,16,80,2025-07-17,4.7
electronics_001,BrandB Laptop,electronics,BrandB,1779.92,4,23,2025-07-18,3.1
electronics_001,BrandB Laptop,electronics,BrandB,2012.1,15,64,2025-07-19,4.3
electronics_001,BrandB Laptop,electronics,BrandB,2154.14,13,56,2025-07-20,4.9
electronics_001,BrandB Laptop,electronics,BrandB,1827.24,10,70,2025-07-21,3.0
electronics_001,BrandB Laptop,electronics,BrandB,1817.4,6,37,2025-07-22,4.3
electronics_001,BrandB Laptop,electronics,BrandB,1908.36,24,88,2025-07-23,3.4
electronics_001,BrandB Laptop,electronics,BrandB,1945.19,28,125,2025-07-24,3.7
electronics_001,BrandB Laptop,electronics,BrandB,1809.77,31,221,2025-07-25,3.9
electronics_001,BrandB Laptop,electronics,BrandB,2029.14,5,37,2025-07-26,4.0
electronics_001,BrandB Laptop,electronics,BrandB,1900.21,28,121,2025-07-27,3.0
electronics_001,BrandB Laptop,electronics,BrandB,1904.74,24,130,2025-07-28,4.3
electronics_001,BrandB Laptop,electronics,BrandB,1702.43,10,60,2025-07-29,4.5
electronics_001,BrandB Laptop,electronics,BrandB,1933.41,5,24,2025-07-30,3.1
electronics_001,BrandB Laptop,electronics,BrandB,1673.94,35,143,2025-07-31,3.2
electronics_001,BrandB Laptop,electronics,BrandB,1913.22,15,39,2025-08-01,3.2
electronics_001,BrandB Laptop,electronics,BrandB,1908.8,22,137,2025-08-02,3.2
electronics_001,BrandB Laptop,electronics,BrandB,1811.79,16,122,2025-08-03,5.0
electronics_001,BrandB Laptop,electronics,BrandB,1810.25,6,39,2025-08-04,4.1
electronics_001,BrandB Laptop,electronics,BrandB,1955.74,4,19,2025-08-05,3.0
electronics_001,BrandB Laptop,electronics,BrandB,1808.52,5,13,2025-08-06,4.3
electronics_001,BrandB Laptop,electronics,BrandB,1923.4,32,135,2025-08-07,3.6
electronics_001,BrandB Laptop,electronics,BrandB,1840.94,28,58,2025-08-08,4.9
electronics_001,BrandB Laptop,electronics,BrandB,1971.65,4,21,2025-08-09,4.9
electronics_001,BrandB Laptop,electronics,BrandB,2167.79,17,80,2025-08-10,4.3
electronics_001,BrandB Laptop,electronics,BrandB,1957.14,3,11,2025-08-11,4.9
electronics_001,BrandB Laptop,electronics,BrandB,1863.14,21,76,2025-08-12,3.4
electronics_001,BrandB Laptop,electronics,BrandB,1670.7,16,39,2025-08-13,4.9
electronics_001,BrandB Laptop,electronics,BrandB,1690.89,25,152,2025-08-14,3.3
electronics_001,BrandB Laptop,electronics,BrandB,1747.53,36,259,2025-08-15,3.1
electronics_001,BrandB Laptop,electronics,BrandB,1943.19,20,158,2025-08-16,3.3
electronics_001,BrandB Laptop,electronics,BrandB,1786.45,34,239,2025-08-17,4.7
electronics_001,BrandB Laptop,electronics,BrandB,1639.31,8,18,2025-08-18,4.7
electronics_001,BrandB Laptop,electronics,BrandB,1874.25,21,161,2025-08-19,4.7
electronics_001,BrandB Laptop,electronics,BrandB,1843.82,3,23,2025-08-20,4.2
electronics_001,BrandB Laptop,electronics,BrandB,1941.78,13,53,2025-08-21,3.2
electronics_001,BrandB Laptop,electronics,BrandB,1896.91,29,148,2025-08-22,4.7
electronics_001,BrandB Laptop,electronics,BrandB,2147.23,27,119,2025-08-23,3.3
electronics_001,BrandB Laptop,electronics,BrandB,2092.58,8,22,2025-08-24,3.0
electronics_001,BrandB Laptop,electronics,BrandB,1974.93,7,32,2025-08-25,4.8
electronics_001,BrandB Laptop,electronics,BrandB,1892.88,12,52,2025-08-26,4.2
electronics_001,BrandB Laptop,electronics,BrandB,1710.91,14,110,2025-08-27,4.0
electronics_001,BrandB Laptop,electronics,BrandB,1981.07,5,12,2025-08-28,3.3
electronics_001,BrandB Laptop,electronics,BrandB,1908.79,5,20,2025-08-29,4.8
electronics_001,BrandB Laptop,electronics,BrandB,2146.69,5,15,2025-08-30,3.1
electronics_001,BrandB Laptop,electronics,BrandB,1899.53,5,12,2025-08-31,3.2
electronics_001,BrandB Laptop,electronics,BrandB,1736.65,11,55,2025-09-01,4.4
electronics_001,BrandB Laptop,electronics,BrandB,1806.85,25,188,2025-09-02,3.1
electronics_001,BrandB Laptop,electronics,BrandB,1955.14,17,52,2025-09-03,3.4
electronics_001,BrandB Laptop,electronics,BrandB,1847.45,9,37,2025-09-04,3.9
electronics_001,BrandB Laptop,electronics,BrandB,1955.14,18,91,2025-09-05,4.1
electronics_001,BrandB Laptop,electronics,BrandB,1938.0,12,41,2025-09-06,3.5
electronics_001,BrandB Laptop,electronics,BrandB,1932.36,9,29,2025-09-07,3.7
electronics_001,BrandB Laptop,electronics,BrandB,2035.04,23,114,2025-09-08,3.2
electronics_001,BrandB Laptop,electronics,BrandB,2100.73,21,96,2025-09-09,3.3
electronics_001,BrandB Laptop,electronics,BrandB,1790.04,13,70,2025-09-10,3.7
electronics_002,BrandC Monitor,electronics,BrandC,1233.64,7,24,2025-07-13,3.3
electronics_002,BrandC Monitor,electronics,BrandC,1170.17,7,51,2025-07-14,3.2
electronics_002,BrandC Monitor,electronics,BrandC,1052.56,41,109,2025-07-15,3.8
electronics_002,BrandC Monitor,electronics,BrandC,1171.13,10,60,2025-07-16,4.9
electronics_002,BrandC Monitor,electronics,BrandC,1332.43,15,99,2025-07-17,3.4
electronics_002,BrandC Monitor,electronics,BrandC,1159.65,12,41,2025-07-18,3.2
electronics_002,BrandC Monitor,electronics,BrandC,1162.05,25,73,2025-07-19,4.0
electronics_002,BrandC Monitor,electronics,BrandC,1215.76,14,39,2025-07-20,3.1
electronics_002,BrandC Monitor,electronics,BrandC,1169.58,29,190,2025-07-21,4.2
electronics_002,BrandC Monitor,electronics,BrandC,1054.47,12,90,2025-07-22,4.7
electronics_002,BrandC Monitor,electronics,BrandC,1217.08,9,21,2025-07-23,4.5
electronics_002,BrandC Monitor,electronics,BrandC,1278.53,8,54,2025-07-24,3.4
electronics_002,BrandC Monitor,electronics,BrandC,1187.03,27,161,2025-07-25,4.0
electronics_002,BrandC Monitor,electronics,BrandC,1309.52,14,96,2025-07-26,3.9
electronics_002,BrandC Monitor,electronics,BrandC,1214.24,7,45,2025-07-27,4.0
electronics_002,BrandC Monitor,electronics,BrandC,1226.76,14,73,2025-07-28,4.8
electronics_002,BrandC Monitor,electronics,BrandC,1152.16,35,201,2025-07-29,3.7
electronics_002,BrandC Monitor,electronics,BrandC,1227.47,21,109,2025-07-30,4.8
electronics_002,BrandC Monitor,electronics,BrandC,1176.63,14,48,2025-07-31,4.5
electronics_002,BrandC Monitor,electronics,BrandC,1211.04,24,174,2025-08-01,3.7
electronics_002,BrandC Monitor,electronics,BrandC,1335.12,7,23,2025-08-02,4.4
electronics_002,BrandC Monitor,electronics,BrandC,1309.42,31,162,2025-08-03,3.5
electronics_002,BrandC Monitor,electronics,BrandC,1141.48,29,159,2025-08-04,3.8
electronics_002,BrandC Monitor,electronics,BrandC,1246.92,8,44,2025-08-05,4.0
electronics_002,BrandC Monitor,electronics,BrandC,1194.15,31,235,2025-08-06,4.1
electronics_002,BrandC Monitor,electronics,BrandC,1236.25,26,75,2025-08-07,4.2
electronics_002,BrandC Monitor,electronics,BrandC,1124.05,38,289,2025-08-08,4.9
electronics_002,BrandC Monitor,electronics,BrandC,1194.96,33,232,2025-08-09,3.2
electronics_002,BrandC Monitor,electronics,BrandC,1412.18,16,37,2025-08-10,3.7
electronics_002,BrandC Monitor,electronics,BrandC,1144.33,14,105,2025-08-11,3.7
electronics_002,BrandC Monitor,electronics,BrandC,1284.83,14,46,2025-08-12,3.9
electronics_002,BrandC Monitor,electronics,BrandC,1191.51,18,81,2025-08-13,4.8
electronics_002,BrandC Monitor,electronics,BrandC,1273.15,14,29,2025-08-14,4.3
electronics_002,BrandC Monitor,electronics,BrandC,1190.08,4,31,2025-08-15,4.0
electronics_002,BrandC Monitor,electronics,BrandC,1214.17,27,88,2025-08-16,4.8
electronics_002,BrandC Monitor,electronics,BrandC,1220.57,4,19,2025-08-17,4.1
electronics_002,BrandC Monitor,electronics,BrandC,1292.12,7,30,2025-08-18,4.1
electronics_002,BrandC Monitor,electronics,BrandC,1185.54,28,214,2025-08-19,3.7
electronics_002,BrandC Monitor,electronics,BrandC,1257.93,11,23,2025-08-20,3.3
electronics_002,BrandC Monitor,electronics,BrandC,1264.24,5,16,2025-08-21,3.5
electronics_002,BrandC Monitor,electronics,BrandC,1212.71,8,47,2025-08-22,3.5
electronics_002,BrandC Monitor,electronics,BrandC,1241.09,24,171,2025-08-23,4.7
electronics_002,BrandC Monitor,electronics,BrandC,1357.24,7,26,2025-08-24,4.8
electronics_002,BrandC Monitor,electronics,BrandC,1226.71,12,88,2025-08-25,4.6
electronics_002,BrandC Monitor,electronics,BrandC,1130.21,13,72,2025-08-26,3.5
electronics_002,BrandC Monitor,electronics,BrandC,1127.81,29,133,2025-08-27,3.6
electronics_002,BrandC Monitor,electronics,BrandC,1266.46,28,127,2025-08-28,3.0
electronics_002,BrandC Monitor,electronics,BrandC,1225.58,15,53,2025-08-29,3.3
electronics_002,BrandC Monitor,electronics,BrandC,1176.57,12,25,2025-08-30,4.8
electronics_002,BrandC Monitor,electronics,BrandC,1267.94,9,47,2025-08-31,4.3
electronics_002,BrandC Monitor,electronics,BrandC,1177.75,4,11,2025-09-01,4.8
electronics_002,BrandC Monitor,electronics,BrandC,1222.4,26,155,2025-09-02,3.4
electronics_002,BrandC Monitor,electronics,BrandC,1196.9,18,92,2025-09-03,3.1
electronics_002,BrandC Monitor,electronics,BrandC,1238.5,5,28,2025-09-04,3.5
electronics_002,BrandC Monitor,electronics,BrandC,1112.81,12,75,2025-09-05,3.6
electronics_002,BrandC Monitor,electronics,BrandC,1197.44,37,281,2025-09-06,4.5
electronics_002,BrandC Monitor,electronics,BrandC,1293.29,3,14,2025-09-07,4.2
electronics_002,BrandC Monitor,electronics,BrandC,1277.39,5,12,2025-09-08,4.5
electronics_002,BrandC Monitor,electronics,BrandC,1328.22,16,55,2025-09-09,4.6
electronics_002,BrandC Monitor,electronics,BrandC,1245.57,14,77,2025-09-10,3.7
electronics_003,BrandD Laptop,electronics,BrandD,321.95,13,68,2025-07-13,4.7
electronics_003,BrandD Laptop,electronics,BrandD,323.4,36,221,2025-07-14,4.7
electronics_003,BrandD Laptop,electronics,BrandD,309.35,9,71,2025-07-15,4.9
electronics_003,BrandD Laptop,electronics,BrandD,323.43,6,37,2025-07-16,3.6
electronics_003,BrandD Laptop,electronics,BrandD,309.83,46,325,2025-07-17,3.6
electronics_003,BrandD Laptop,electronics,BrandD,288.2,10,24,2025-07-18,4.4
electronics_003,BrandD Laptop,electronics,BrandD,343.02,6,23,2025-07-19,4.1
electronics_003,BrandD Laptop,electronics,BrandD,312.83,37,270,2025-07-20,4.2
electronics_003,BrandD Laptop,electronics,BrandD,311.76,53,360,2025-07-21,5.0
electronics_003,BrandD Laptop,electronics,BrandD,329.84,18,87,2025-07-22,4.3
electronics_003,BrandD Laptop,electronics,BrandD,303.4,28,179,2025-07-23,3.5
electronics_003,BrandD Laptop,electronics,BrandD,305.7,14,52,2025-07-24,3.5
electronics_003,BrandD Laptop,electronics,BrandD,309.91,21,127,2025-07-25,3.4
electronics_003,BrandD Laptop,electronics,BrandD,320.51,34,260,2025-07-26,3.9
electronics_003,BrandD Laptop,electronics,BrandD,305.35,49,166,2025-07-27,4.9
electronics_003,BrandD Laptop,electronics,BrandD,328.95,34,115,2025-07-28,3.4
electronics_003,BrandD Laptop,electronics,BrandD,300.59,33,135,2025-07-29,3.1
electronics_003,BrandD Laptop,electronics,BrandD,304.55,27,166,2025-07-30,3.3
electronics_003,BrandD Laptop,electronics,BrandD,301.71,15,78,2025-07-31,4.2
electronics_003,BrandD Laptop,electronics,BrandD,297.15,43,154,2025-08-01,3.3
electronics_003,BrandD Laptop,electronics,BrandD,327.66,34,180,2025-08-02,3.2
electronics_003,BrandD Laptop,electronics,BrandD,295.44,11,69,2025-08-03,4.0
electronics_003,BrandD Laptop,electronics,BrandD,302.26,42,208,2025-08-04,4.0
electronics_003,BrandD Laptop,electronics,BrandD,329.56,20,121,2025-08-05,4.1
electronics_003,BrandD Laptop,electronics,BrandD,319.71,35,208,2025-08-06,4.7
electronics_003,BrandD Laptop,electronics,BrandD,316.89,45,278,2025-08-07,4.4
electronics_003,BrandD Laptop,electronics,BrandD,332.35,12,87,2025-08-08,4.7
electronics_003,BrandD Laptop,electronics,BrandD,317.27,29,85,2025-08-09,4.6
electronics_003,BrandD Laptop,electronics,BrandD,323.59,6,22,2025-08-10,4.2
electronics_003,BrandD Laptop,electronics,BrandD,310.85,15,87,2025-08-11,4.1
electronics_003,BrandD Laptop,electronics,BrandD,305.59,38,199,2025-08-12,4.9
electronics_003,BrandD Laptop,electronics,BrandD,329.61,31,81,2025-08-13,4.9
electronics_003,BrandD Laptop,electronics,BrandD,303.39,18,112,2025-08-14,3.1
electronics_003,BrandD Laptop,electronics,BrandD,281.79,36,81,2025-08-15,4.7
electronics_003,BrandD Laptop,electronics,BrandD,314.28,39,83,2025-08-16,3.0
electronics_003,BrandD Laptop,electronics,BrandD,321.06,21,128,2025-08-17,3.9
electronics_003,BrandD Laptop,electronics,BrandD,287.52,6,40,2025-08-18,4.4
electronics_003,BrandD Laptop,electronics,BrandD,328.23,20,154,2025-08-19,3.3
electronics_003,BrandD Laptop,electronics,BrandD,320.76,21,122,2025-08-20,3.8
electronics_003,BrandD Laptop,electronics,BrandD,324.68,13,42,2025-08-21,3.1
electronics_003,BrandD Laptop,electronics,BrandD,290.64,53,256,2025-08-22,4.9
electronics_003,BrandD Laptop,electronics,BrandD,327.4,35,231,2025-08-23,4.7
electronics_003,BrandD Laptop,electronics,BrandD,333.31,12,26,2025-08-24,4.8
electronics_003,BrandD Laptop,electronics,BrandD,330.25,27,73,2025-08-25,3.3
electronics_003,BrandD Laptop,electronics,BrandD,299.75,17,84,2025-08-26,3.1
electronics_003,BrandD Laptop,electronics,BrandD,285.25,42,162,2025-08-27,3.9
electronics_003,BrandD Laptop,electronics,BrandD,303.3,15,56,2025-08-28,4.4
electronics_003,BrandD Laptop,electronics,BrandD,316.35,6,29,2025-08-29,3.2
electronics_003,BrandD Laptop,electronics,BrandD,323.08,23,142,2025-08-30,4.1
electronics_003,BrandD Laptop,electronics,BrandD,309.25,19,41,2025-08-31,3.2
electronics_003,BrandD Laptop,electronics,BrandD,294.59,27,165,2025-09-01,4.6
electronics_003,BrandD Laptop,electronics,BrandD,302.64,8,46,2025-09-02,4.4
electronics_003,BrandD Laptop,electronics,BrandD,311.4,29,209,2025-09-03,4.4
electronics_003,BrandD Laptop,electronics,BrandD,301.28,47,116,2025-09-04,4.8
electronics_003,BrandD Laptop,electronics,BrandD,331.33,24,140,2025-09-05,4.1
electronics_003,BrandD Laptop,electronics,BrandD,317.28,7,24,2025-09-06,3.3
electronics_003,BrandD Laptop,electronics,BrandD,318.06,49,197,2025-09-07,3.4
electronics_003,BrandD Laptop,electronics,BrandD,320.26,31,165,2025-09-08,4.4
electronics_003,BrandD Laptop,electronics,BrandD,311.06,13,79,2025-09-09,3.1
electronics_003,BrandD Laptop,electronics,BrandD,327.74,34,219,2025-09-10,3.9
electronics_004,BrandE Headphones,electronics,BrandE,1515.73,24,122,2025-07-13,4.2
electronics_004,BrandE Headphones,electronics,BrandE,1448.11,19,106,2025-07-14,4.6
electronics_004,BrandE Headphones,electronics,BrandE,1388.35,10,47,2025-07-15,4.7
electronics_004,BrandE Headphones,electronics,BrandE,1509.85,12,67,2025-07-16,4.3
electronics_004,BrandE Headphones,electronics,BrandE,1471.37,8,19,2025-07-17,3.9
electronics_004,BrandE Headphones,electronics,BrandE,1439.42,16,87,2025-07-18,4.3
electronics_004,BrandE Headphones,electronics,BrandE,1533.51,10,43,2025-07-19,4.7
electronics_004,BrandE Headphones,electronics,BrandE,1514.86,19,83,2025-07-20,3.5
electronics_004,BrandE Headphones,electronics,BrandE,1486.39,14,55,2025-07-21,3.9
electronics_004,BrandE Headphones,electronics,BrandE,1388.44,17,93,2025-07-22,4.9
electronics_004,BrandE Headphones,electronics,BrandE,1399.2,10,56,2025-07-23,3.7
electronics_004,BrandE Headphones,electronics,BrandE,1565.16,23,107,2025-07-24,4.7
electronics_004,BrandE Headphones,electronics,BrandE,1571.78,5,39,2025-07-25,3.2
electronics_004,BrandE Headphones,electronics,BrandE,1421.81,9,22,2025-07-26,3.2
electronics_004,BrandE Headphones,electronics,BrandE,1640.92,15,73,2025-07-27,4.4
electronics_004,BrandE Headphones,electronics,BrandE,1459.28,11,56,2025-07-28,3.7
electronics_004,BrandE Headphones,electronics,BrandE,1375.19,7,20,2025-07-29,4.9
electronics_004,BrandE Headphones,electronics,BrandE,1399.89,9,57,2025-07-30,3.3
electronics_004,BrandE Headphones,electronics,BrandE,1514.0,23,97,2025-07-31,3.0
electronics_004,BrandE Headphones,electronics,BrandE,1503.85,24,158,2025-08-01,3.2
electronics_004,BrandE Headphones,electronics,BrandE,1559.47,26,156,2025-08-02,4.2
electronics_004,BrandE Headphones,electronics,BrandE,1440.16,18,70,2025-08-03,4.7
electronics_004,BrandE Headphones,electronics,BrandE,1434.82,5,29,2025-08-04,4.5
electronics_004,BrandE Headphones,electronics,BrandE,1445.98,33,239,2025-08-05,3.6
electronics_004,BrandE Headphones,electronics,BrandE,1430.54,14,82,2025-08-06,3.7
electronics_004,BrandE Headphones,electronics,BrandE,1553.54,24,102,2025-08-07,4.1
electronics_004,BrandE Headphones,electronics,BrandE,1533.17,22,45,2025-08-08,4.2
electronics_004,BrandE Headphones,electronics,BrandE,1547.08,19,95,2025-08-09,4.1
electronics_004,BrandE Headphones,electronics,BrandE,1392.62,17,74,2025-08-10,4.1
electronics_004,BrandE Headphones,electronics,BrandE,1517.69,21,145,2025-08-11,3.9
electronics_004,BrandE Headphones,electronics,BrandE,1463.85,15,47,2025-08-12,4.0
electronics_004,BrandE Headphones,electronics,BrandE,1419.62,19,97,2025-08-13,4.3
electronics_004,BrandE Headphones,electronics,BrandE,1458.54,22,55,2025-08-14,4.4
electronics_004,BrandE Headphones,electronics,BrandE,1477.72,26,133,2025-08-15,3.2
electronics_004,BrandE Headphones,electronics,BrandE,1538.05,8,30,2025-08-16,4.6
electronics_004,BrandE Headphones,electronics,BrandE,1452.58,25,106,2025-08-17,4.1
electronics_004,BrandE Headphones,electronics,BrandE,1472.62,29,196,2025-08-18,4.3
electronics_004,BrandE Headphones,electronics,BrandE,1419.91,23,152,2025-08-19,4.1
electronics_004,BrandE Headphones,electronics,BrandE,1390.65,19,135,2025-08-20,4.3
electronics_004,BrandE Headphones,electronics,BrandE,1497.78,8,36,2025-08-21,3.3
electronics_004,BrandE Headphones,electronics,BrandE,1491.56,15,78,2025-08-22,3.4
electronics_004,BrandE Headphones,electronics,BrandE,1434.71,7,40,2025-08-23,3.5
electronics_004,BrandE Headphones,electronics,BrandE,1473.02,7,25,2025-08-24,4.2
electronics_004,BrandE Headphones,electronics,BrandE,1408.41,22,139,2025-08-25,3.0
electronics_004,BrandE Headphones,electronics,BrandE,1531.61,17,68,2025-08-26,4.8
electronics_004,BrandE Headphones,electronics,BrandE,1398.71,26,144,2025-08-27,3.8
electronics_004,BrandE Headphones,electronics,BrandE,1347.62,16,74,2025-08-28,4.7
electronics_004,BrandE Headphones,electronics,BrandE,1415.6,22,79,2025-08-29,4.2
electronics_004,BrandE Headphones,electronics,BrandE,1432.35,18,56,2025-08-30,3.1
electronics_004,BrandE Headphones,electronics,BrandE,1402.35,23,107,2025-08-31,3.7
electronics_004,BrandE Headphones,electronics,BrandE,1393.04,32,185,2025-09-01,4.5
electronics_004,BrandE Headphones,electronics,BrandE,1430.0,11,76,2025-09-02,3.0
electronics_004,BrandE Headphones,electronics,BrandE,1280.96,6,47,2025-09-03,3.0
electronics_004,BrandE Headphones,electronics,BrandE,1518.46,11,66,2025-09-04,3.2
electronics_004,BrandE Headphones,electronics,BrandE,1514.6,23,129,2025-09-05,4.0
electronics_004,BrandE Headphones,electronics,BrandE,1492.03,11,47,2025-09-06,3.7
electronics_004,BrandE Headphones,electronics,BrandE,1518.07,17,62,2025-09-07,4.9
electronics_004,BrandE Headphones,electronics,BrandE,1481.36,24,104,2025-09-08,4.0
electronics_004,BrandE Headphones,electronics,BrandE,1520.03,11,66,2025-09-09,4.1
electronics_004,BrandE Headphones,electronics,BrandE,1402.09,10,69,2025-09-10,3.6
electronics_005,BrandF Tablet,electronics,BrandF,376.01,56,327,2025-07-13,4.6
electronics_005,BrandF Tablet,electronics,BrandF,380.12,34,224,2025-07-14,3.3
electronics_005,BrandF Tablet,electronics,BrandF,331.56,10,42,2025-07-15,3.1
electronics_005,BrandF Tablet,electronics,BrandF,381.71,49,225,2025-07-16,3.6
electronics_005,BrandF Tablet,electronics,BrandF,324.52,9,52,2025-07-17,3.4
electronics_005,BrandF Tablet,electronics,BrandF,410.33,13,30,2025-07-18,4.6
electronics_005,BrandF Tablet,electronics,BrandF,382.77,44,103,2025-07-19,4.4
electronics_005,BrandF Tablet,electronics,BrandF,384.23,31,73,2025-07-20,4.0
electronics_005,BrandF Tablet,electronics,BrandF,350.81,36,185,2025-07-21,3.9
electronics_005,BrandF Tablet,electronics,BrandF,354.06,18,80,2025-07-22,4.7
electronics_005,BrandF Tablet,electronics,BrandF,397.67,5,22,2025-07-23,4.0
electronics_005,BrandF Tablet,electronics,BrandF,370.0,28,92,2025-07-24,3.0
electronics_005,BrandF Tablet,electronics,BrandF,361.3,27,127,2025-07-25,4.7
electronics_005,BrandF Tablet,electronics,BrandF,395.61,8,31,2025-07-26,4.5
electronics_005,BrandF Tablet,electronics,BrandF,351.43,19,90,2025-07-27,4.6
electronics_005,BrandF Tablet,electronics,BrandF,367.61,39,180,2025-07-28,3.5
electronics_005,BrandF Tablet,electronics,BrandF,378.89,36,214,2025-07-29,4.8
electronics_005,BrandF Tablet,electronics,BrandF,405.88,9,45,2025-07-30,3.3
electronics_005,BrandF Tablet,electronics,BrandF,382.33,43,96,2025-07-31,3.2
electronics_005,BrandF Tablet,electronics,BrandF,373.51,7,14,2025-08-01,4.9
electronics_005,BrandF Tablet,electronics,BrandF,380.56,21,86,2025-08-02,4.5
electronics_005,BrandF Tablet,electronics,BrandF,375.81,13,33,2025-08-03,4.3
electronics_005,BrandF Tablet,electronics,BrandF,365.43,6,14,2025-08-04,4.9
electronics_005,BrandF Tablet,electronics,BrandF,399.95,25,107,2025-08-05,3.4
electronics_005,BrandF Tablet,electronics,BrandF,386.07,29,170,2025-08-06,4.1
electronics_005,BrandF Tablet,electronics,BrandF,368.11,53,297,2025-08-07,4.2
electronics_005,BrandF Tablet,electronics,BrandF,395.09,35,96,2025-08-08,3.7
electronics_005,BrandF Tablet,electronics,BrandF,375.85,13,73,2025-08-09,4.9
electronics_005,BrandF Tablet,electronics,BrandF,386.75,11,80,2025-08-10,4.3
electronics_005,BrandF Tablet,electronics,BrandF,397.31,35,247,2025-08-11,4.8
electronics_005,BrandF Tablet,electronics,BrandF,396.87,19,133,2025-08-12,4.5
electronics_005,BrandF Tablet,electronics,BrandF,393.48,14,73,2025-08-13,5.0
electronics_005,BrandF Tablet,electronics,BrandF,378.77,33,227,2025-08-14,3.4
electronics_005,BrandF Tablet,electronics,BrandF,404.65,34,178,2025-08-15,4.2
electronics_005,BrandF Tablet,electronics,BrandF,359.26,28,171,2025-08-16,4.7
electronics_005,BrandF Tablet,electronics,BrandF,421.19,12,57,2025-08-17,3.0
electronics_005,BrandF Tablet,electronics,BrandF,396.69,36,93,2025-08-18,3.8
electronics_005,BrandF Tablet,electronics,BrandF,369.33,30,191,2025-08-19,4.2
electronics_005,BrandF Tablet,electronics,BrandF,370.61,28,149,2025-08-20,3.0
electronics_005,BrandF Tablet,electronics,BrandF,365.36,49,206,2025-08-21,3.7
electronics_005,BrandF Tablet,electronics,BrandF,371.79,34,271,2025-08-22,3.7
electronics_005,BrandF Tablet,electronics,BrandF,429.68,37,205,2025-08-23,3.8
electronics_005,BrandF Tablet,electronics,BrandF,428.78,3,17,2025-08-24,3.7
electronics_005,BrandF Tablet,electronics,BrandF,369.89,47,112,2025-08-25,4.2
electronics_005,BrandF Tablet,electronics,BrandF,416.75,40,242,2025-08-26,4.6
electronics_005,BrandF Tablet,electronics,BrandF,395.72,22,54,2025-08-27,3.1
electronics_005,BrandF Tablet,electronics,BrandF,402.27,29,195,2025-08-28,4.0
electronics_005,BrandF Tablet,electronics,BrandF,358.44,17,78,2025-08-29,3.2
electronics_005,BrandF Tablet,electronics,BrandF,405.46,25,199,2025-08-30,4.9
electronics_005,BrandF Tablet,electronics,BrandF,376.25,42,281,2025-08-31,3.2
electronics_005,BrandF Tablet,electronics,BrandF,402.89,19,103,2025-09-01,4.2
electronics_005,BrandF Tablet,electronics,BrandF,371.11,14,30,2025-09-02,3.0
electronics_005,BrandF Tablet,electronics,BrandF,370.36,29,109,2025-09-03,4.9
electronics_005,BrandF Tablet,electronics,BrandF,371.56,27,190,2025-09-04,3.4
electronics_005,BrandF Tablet,electronics,BrandF,376.87,31,86,2025-09-05,3.2
electronics_005,BrandF Tablet,electronics,BrandF,395.61,30,191,2025-09-06,4.5
electronics_005,BrandF Tablet,electronics,BrandF,403.03,7,45,2025-09-07,4.3
electronics_005,BrandF Tablet,electronics,BrandF,378.66,14,48,2025-09-08,4.8
electronics_005,BrandF Tablet,electronics,BrandF,364.29,29,136,2025-09-09,4.6
electronics_005,BrandF Tablet,electronics,BrandF,380.19,5,11,2025-09-10,4.8
electronics_006,BrandG Speaker,electronics,BrandG,777.84,6,20,2025-07-13,4.5
electronics_006,BrandG Speaker,electronics,BrandG,671.54,38,165,2025-07-14,4.7
electronics_006,BrandG Speaker,electronics,BrandG,729.71,28,220,2025-07-15,3.3
electronics_006,BrandG Speaker,electronics,BrandG,679.7,19,73,2025-07-16,4.9
electronics_006,BrandG Speaker,electronics,BrandG,680.23,29,152,2025-07-17,5.0
electronics_006,BrandG Speaker,electronics,BrandG,692.23,17,114,2025-07-18,4.1
electronics_006,BrandG Speaker,electronics,BrandG,690.57,40,182,2025-07-19,3.3
electronics_006,BrandG Speaker,electronics,BrandG,698.31,8,57,2025-07-20,3.9
electronics_006,BrandG Speaker,electronics,BrandG,679.53,40,106,2025-07-21,3.7
electronics_006,BrandG Speaker,electronics,BrandG,632.78,37,194,2025-07-22,4.5
electronics_006,BrandG Speaker,electronics,BrandG,723.01,8,28,2025-07-23,4.9
electronics_006,BrandG Speaker,electronics,BrandG,767.39,26,138,2025-07-24,3.2
electronics_006,BrandG Speaker,electronics,BrandG,663.58,15,101,2025-07-25,3.7
electronics_006,BrandG Speaker,electronics,BrandG,659.19,6,27,2025-07-26,3.4
electronics_006,BrandG Speaker,electronics,BrandG,785.07,12,46,2025-07-27,4.3
electronics_006,BrandG Speaker,electronics,BrandG,610.08,31,92,2025-07-28,4.2
electronics_006,BrandG Speaker,electronics,BrandG,738.63,9,45,2025-07-29,4.2
electronics_006,BrandG Speaker,electronics,BrandG,706.64,29,200,2025-07-30,3.6
electronics_006,BrandG Speaker,electronics,BrandG,678.92,50,245,2025-07-31,3.2
electronics_006,BrandG Speaker,electronics,BrandG,676.63,51,401,2025-08-01,4.3
electronics_006,BrandG Speaker,electronics,BrandG,753.16,6,13,2025-08-02,4.6
electronics_006,BrandG Speaker,electronics,BrandG,720.05,30,120,2025-08-03,3.6
electronics_006,BrandG Speaker,electronics,BrandG,720.08,18,63,2025-08-04,4.6
electronics_006,BrandG Speaker,electronics,BrandG,712.58,16,42,2025-08-05,3.2
electronics_006,BrandG Speaker,electronics,BrandG,688.38,50,321,2025-08-06,3.4
electronics_006,BrandG Speaker,electronics,BrandG,668.68,36,231,2025-08-07,4.6
electronics_006,BrandG Speaker,electronics,BrandG,692.77,6,38,2025-08-08,3.2
electronics_006,BrandG Speaker,electronics,BrandG,705.59,31,246,2025-08-09,3.1
electronics_006,BrandG Speaker,electronics,BrandG,730.91,31,102,2025-08-10,3.7
electronics_006,BrandG Speaker,electronics,BrandG,762.87,33,112,2025-08-11,4.6
electronics_006,BrandG Speaker,electronics,BrandG,741.18,4,12,2025-08-12,3.8
electronics_006,BrandG Speaker,electronics,BrandG,662.46,16,44,2025-08-13,3.8
electronics_006,BrandG Speaker,electronics,BrandG,706.51,6,27,2025-08-14,3.1
electronics_006,BrandG Speaker,electronics,BrandG,729.65,41,323,2025-08-15,4.2
electronics_006,BrandG Speaker,electronics,BrandG,813.0,27,156,2025-08-16,3.9
electronics_006,BrandG Speaker,electronics,BrandG,725.26,6,21,2025-08-17,3.1
electronics_006,BrandG Speaker,electronics,BrandG,648.46,39,95,2025-08-18,3.5
electronics_006,BrandG Speaker,electronics,BrandG,733.8,8,58,2025-08-19,4.8
electronics_006,BrandG Speaker,electronics,BrandG,666.65,31,178,2025-08-20,4.1
electronics_006,BrandG Speaker,electronics,BrandG,691.77,23,82,2025-08-21,4.6
electronics_006,BrandG Speaker,electronics,BrandG,777.46,15,49,2025-08-22,4.0
electronics_006,BrandG Speaker,electronics,BrandG,745.61,7,50,2025-08-23,3.1
electronics_006,BrandG Speaker,electronics,BrandG,720.27,39,186,2025-08-24,3.3
electronics_006,BrandG Speaker,electronics,BrandG,674.31,9,69,2025-08-25,3.9
electronics_006,BrandG Speaker,electronics,BrandG,731.06,36,100,2025-08-26,3.5
electronics_006,BrandG Speaker,electronics,BrandG,677.59,17,134,2025-08-27,3.5
electronics_006,BrandG Speaker,electronics,BrandG,742.91,4,10,2025-08-28,4.2
electronics_006,BrandG Speaker,electronics,BrandG,702.98,23,108,2025-08-29,3.9
electronics_006,BrandG Speaker,electronics,BrandG,718.65,30,145,2025-08-30,4.2
electronics_006,BrandG Speaker,electronics,BrandG,781.02,6,41,2025-08-31,4.7
electronics_006,BrandG Speaker,electronics,BrandG,698.83,13,43,2025-09-01,3.8
electronics_006,BrandG Speaker,electronics,BrandG,689.01,40,207,2025-09-02,4.8
electronics_006,BrandG Speaker,electronics,BrandG,694.27,29,65,2025-09-03,3.9
electronics_006,BrandG Speaker,electronics,BrandG,763.69,31,186,2025-09-04,3.5
electronics_006,BrandG Speaker,electronics,BrandG,666.65,37,285,2025-09-05,4.4
electronics_006,BrandG Speaker,electronics,BrandG,768.41,6,43,2025-09-06,3.5
electronics_006,BrandG Speaker,electronics,BrandG,778.03,31,79,2025-09-07,4.2
electronics_006,BrandG Speaker,electronics,BrandG,743.37,19,74,2025-09-08,4.5
electronics_006,BrandG Speaker,electronics,BrandG,774.61,21,153,2025-09-09,4.2
electronics_006,BrandG Speaker,electronics,BrandG,668.73,8,23,2025-09-10,3.3
electronics_007,BrandH Monitor,electronics,BrandH,274.49,5,22,2025-07-13,3.6
electronics_007,BrandH Monitor,electronics,BrandH,317.56,5,13,2025-07-14,4.1
electronics_007,BrandH Monitor,electronics,BrandH,297.43,26,183,2025-07-15,4.4
electronics_007,BrandH Monitor,electronics,BrandH,305.62,13,49,2025-07-16,4.6
electronics_007,BrandH Monitor,electronics,BrandH,299.24,37,264,2025-07-17,4.8
electronics_007,BrandH Monitor,electronics,BrandH,253.45,25,105,2025-07-18,4.2
electronics_007,BrandH Monitor,electronics,BrandH,305.51,25,75,2025-07-19,3.9
electronics_007,BrandH Monitor,electronics,BrandH,277.04,5,29,2025-07-20,4.3
electronics_007,BrandH Monitor,electronics,BrandH,271.37,21,81,2025-07-21,4.4
electronics_007,BrandH Monitor,electronics,BrandH,256.17,17,134,2025-07-22,3.9
electronics_007,BrandH Monitor,electronics,BrandH,267.85,27,58,2025-07-23,4.0
electronics_007,BrandH Monitor,electronics,BrandH,277.93,6,13,2025-07-24,3.8
electronics_007,BrandH Monitor,electronics,BrandH,275.7,22,162,2025-07-25,3.2
electronics_007,BrandH Monitor,electronics,BrandH,289.46,44,247,2025-07-26,4.7
electronics_007,BrandH Monitor,electronics,BrandH,289.26,22,88,2025-07-27,4.1
electronics_007,BrandH Monitor,electronics,BrandH,282.0,21,137,2025-07-28,4.7
electronics_007,BrandH Monitor,electronics,BrandH,253.71,14,44,2025-07-29,3.1
electronics_007,BrandH Monitor,electronics,BrandH,261.41,37,197,2025-07-30,3.7
electronics_007,BrandH Monitor,electronics,BrandH,264.1,24,138,2025-07-31,4.0
electronics_007,BrandH Monitor,electronics,BrandH,283.55,33,188,2025-08-01,3.4
electronics_007,BrandH Monitor,electronics,BrandH,284.16,24,126,2025-08-02,3.5
electronics_007,BrandH Monitor,electronics,BrandH,294.58,56,155,2025-08-03,4.6
electronics_007,BrandH Monitor,electronics,BrandH,283.22,15,108,2025-08-04,4.9
electronics_007,BrandH Monitor,electronics,BrandH,277.61,35,171,2025-08-05,4.7
electronics_007,BrandH Monitor,electronics,BrandH,254.11,21,67,2025-08-06,4.5
electronics_007,BrandH Monitor,electronics,BrandH,282.81,13,71,2025-08-07,4.7
electronics_007,BrandH Monitor,electronics,BrandH,278.6,42,276,2025-08-08,4.1
electronics_007,BrandH Monitor,electronics,BrandH,307.41,40,94,2025-08-09,4.8
electronics_007,BrandH Monitor,electronics,BrandH,299.25,12,90,2025-08-10,3.0
electronics_007,BrandH Monitor,electronics,BrandH,307.28,33,203,2025-08-11,3.3
electronics_007,BrandH Monitor,electronics,BrandH,265.54,28,102,2025-08-12,3.4
electronics_007,BrandH Monitor,electronics,BrandH,271.75,6,38,2025-08-13,4.7
electronics_007,BrandH Monitor,electronics,BrandH,270.24,39,257,2025-08-14,4.3
electronics_007,BrandH Monitor,electronics,BrandH,287.72,33,83,2025-08-15,4.0
electronics_007,BrandH Monitor,electronics,BrandH,288.47,18,43,2025-08-16,3.7
electronics_007,BrandH Monitor,electronics,BrandH,292.31,43,104,2025-08-17,4.9
electronics_007,BrandH Monitor,electronics,BrandH,252.39,8,40,2025-08-18,4.6
electronics_007,BrandH Monitor,electronics,BrandH,276.83,7,30,2025-08-19,3.6
electronics_007,BrandH Monitor,electronics,BrandH,268.42,31,234,2025-08-20,3.8
electronics_007,BrandH Monitor,electronics,BrandH,275.42,28,93,2025-08-21,4.3
electronics_007,BrandH Monitor,electronics,BrandH,280.24,20,117,2025-08-22,3.2
electronics_007,BrandH Monitor,electronics,BrandH,290.9,28,154,2025-08-23,4.2
electronics_007,BrandH Monitor,electronics,BrandH,293.78,13,81,2025-08-24,4.6
electronics_007,BrandH Monitor,electronics,BrandH,282.76,34,97,2025-08-25,4.6
electronics_007,BrandH Monitor,electronics,BrandH,279.02,10,28,2025-08-26,4.3
electronics_007,BrandH Monitor,electronics,BrandH,270.46,16,99,2025-08-27,3.1
electronics_007,BrandH Monitor,electronics,BrandH,291.15,14,36,2025-08-28,3.7
electronics_007,BrandH Monitor,electronics,BrandH,289.77,16,107,2025-08-29,4.8
electronics_007,BrandH Monitor,electronics,BrandH,302.92,19,147,2025-08-30,3.2
electronics_007,BrandH Monitor,electronics,BrandH,289.86,29,168,2025-08-31,4.4
electronics_007,BrandH Monitor,electronics,BrandH,293.15,56,367,2025-09-01,4.9
electronics_007,BrandH Monitor,electronics,BrandH,264.34,11,73,2025-09-02,4.3
electronics_007,BrandH Monitor,electronics,BrandH,277.4,41,205,2025-09-03,3.9
electronics_007,BrandH Monitor,electronics,BrandH,258.84,19,80,2025-09-04,3.1
electronics_007,BrandH Monitor,electronics,BrandH,272.93,51,362,2025-09-05,3.4
electronics_007,BrandH Monitor,electronics,BrandH,285.51,59,194,2025-09-06,4.4
electronics_007,BrandH Monitor,electronics,BrandH,268.64,12,70,2025-09-07,4.5
electronics_007,BrandH Monitor,electronics,BrandH,294.71,15,94,2025-09-08,3.4
electronics_007,BrandH Monitor,electronics,BrandH,274.7,22,51,2025-09-09,3.2
electronics_007,BrandH Monitor,electronics,BrandH,254.53,41,85,2025-09-10,3.8
electronics_008,BrandI Mouse,electronics,BrandI,1733.18,3,19,2025-07-13,3.7
electronics_008,BrandI Mouse,electronics,BrandI,1629.45,24,174,2025-07-14,3.1
electronics_008,BrandI Mouse,electronics,BrandI,1769.85,12,43,2025-07-15,3.4
electronics_008,BrandI Mouse,electronics,BrandI,1586.64,13,54,2025-07-16,3.4
electronics_008,BrandI Mouse,electronics,BrandI,1491.91,10,64,2025-07-17,3.4
electronics_008,BrandI Mouse,electronics,BrandI,1731.43,24,143,2025-07-18,4.1
electronics_008,BrandI Mouse,electronics,BrandI,1748.28,19,132,2025-07-19,4.2
electronics_008,BrandI Mouse,electronics,BrandI,1639.61,6,44,2025-07-20,4.4
electronics_008,BrandI Mouse,electronics,BrandI,1663.57,17,40,2025-07-21,4.3
electronics_008,BrandI Mouse,electronics,BrandI,1663.7,9,46,2025-07-22,4.3
electronics_008,BrandI Mouse,electronics,BrandI,1721.68,31,100,2025-07-23,4.5
electronics_008,BrandI Mouse,electronics,BrandI,1721.08,25,97,2025-07-24,3.6
electronics_008,BrandI Mouse,electronics,BrandI,1652.73,29,86,2025-07-25,4.3
electronics_008,BrandI Mouse,electronics,BrandI,1823.02,13,30,2025-07-26,4.4
electronics_008,BrandI Mouse,electronics,BrandI,1756.18,16,54,2025-07-27,3.1
electronics_008,BrandI Mouse,electronics,BrandI,1508.65,21,86,2025-07-28,4.9
electronics_008,BrandI Mouse,electronics,BrandI,1660.0,29,190,2025-07-29,4.1
electronics_008,BrandI Mouse,electronics,BrandI,1636.59,13,93,2025-07-30,4.0
electronics_008,BrandI Mouse,electronics,BrandI,1676.33,7,55,2025-07-31,4.1
electronics_008,BrandI Mouse,electronics,BrandI,1787.09,4,23,2025-08-01,4.0
electronics_008,BrandI Mouse,electronics,BrandI,1764.36,15,49,2025-08-02,3.9
electronics_008,BrandI Mouse,electronics,BrandI,1649.04,27,118,2025-08-03,4.9
electronics_008,BrandI Mouse,electronics,BrandI,1643.16,27,179,2025-08-04,3.6
electronics_008,BrandI Mouse,electronics,BrandI,1630.63,16,124,2025-08-05,4.5
electronics_008,BrandI Mouse,electronics,BrandI,1676.7,30,201,2025-08-06,3.8
electronics_008,BrandI Mouse,electronics,BrandI,1766.07,4,27,2025-08-07,3.4
electronics_008,BrandI Mouse,electronics,BrandI,1767.81,9,31,2025-08-08,3.8
electronics_008,BrandI Mouse,electronics,BrandI,2012.77,9,52,2025-08-09,3.2
electronics_008,BrandI Mouse,electronics,BrandI,1574.72,18,143,2025-08-10,3.8
electronics_008,BrandI Mouse,electronics,BrandI,1495.91,35,259,2025-08-11,4.8
electronics_008,BrandI Mouse,electronics,BrandI,1691.96,10,77,2025-08-12,3.3
electronics_008,BrandI Mouse,electronics,BrandI,1559.5,17,107,2025-08-13,4.1
electronics_008,BrandI Mouse,electronics,BrandI,1497.25,22,62,2025-08-14,3.9
electronics_008,BrandI Mouse,electronics,BrandI,1770.55,20,146,2025-08-15,4.1
electronics_008,BrandI Mouse,electronics,BrandI,1663.03,9,50,2025-08-16,3.1
electronics_008,BrandI Mouse,electronics,BrandI,1601.98,14,101,2025-08-17,3.9
electronics_008,BrandI Mouse,electronics,BrandI,1595.93,31,157,2025-08-18,3.9
electronics_008,BrandI Mouse,electronics,BrandI,1636.84,19,98,2025-08-19,4.2
electronics_008,BrandI Mouse,electronics,BrandI,1636.31,19,60,2025-08-20,3.4
electronics_008,BrandI Mouse,electronics,BrandI,1648.56,25,57,2025-08-21,3.4
electronics_008,BrandI Mouse,electronics,BrandI,1744.17,15,67,2025-08-22,4.5
electronics_008,BrandI Mouse,electronics,BrandI,1790.22,24,84,2025-08-23,3.5
electronics_008,BrandI Mouse,electronics,BrandI,1688.1,24,106,2025-08-24,3.4
electronics_008,BrandI Mouse,electronics,BrandI,1672.31,9,38,2025-08-25,3.8
electronics_008,BrandI Mouse,electronics,BrandI,1662.15,6,34,2025-08-26,4.0
electronics_008,BrandI Mouse,electronics,BrandI,1690.97,18,50,2025-08-27,4.1
electronics_008,BrandI Mouse,electronics,BrandI,1710.99,8,62,2025-08-28,3.9
electronics_008,BrandI Mouse,electronics,BrandI,1621.04,5,34,2025-08-29,3.2
electronics_008,BrandI Mouse,electronics,BrandI,1701.05,4,11,2025-08-30,3.4
electronics_008,BrandI Mouse,electronics,BrandI,1638.96,6,39,2025-08-31,4.3
electronics_008,BrandI Mouse,electronics,BrandI,1788.57,6,29,2025-09-01,4.0
electronics_008,BrandI Mouse,electronics,BrandI,1717.82,3,20,2025-09-02,3.2
electronics_008,BrandI Mouse,electronics,BrandI,1691.87,31,80,2025-09-03,4.1
electronics_008,BrandI Mouse,electronics,BrandI,1809.47,15,78,2025-09-04,3.9
electronics_008,BrandI Mouse,electronics,BrandI,1635.7,3,23,2025-09-05,4.4
electronics_008,BrandI Mouse,electronics,BrandI,1734.07,21,120,2025-09-06,3.6
electronics_008,BrandI Mouse,electronics,BrandI,1718.86,5,19,2025-09-07,4.9
electronics_008,BrandI Mouse,electronics,BrandI,1537.59,8,24,2025-09-08,3.0
electronics_008,BrandI Mouse,electronics,BrandI,1547.58,13,98,2025-09-09,3.9
electronics_008,BrandI Mouse,electronics,BrandI,1673.22,11,45,2025-09-10,3.2
electronics_009,BrandJ Speaker,electronics,BrandJ,1384.38,13,99,2025-07-13,4.3
electronics_009,BrandJ Speaker,electronics,BrandJ,1436.35,11,49,2025-07-14,4.5
electronics_009,BrandJ Speaker,electronics,BrandJ,1338.48,10,45,2025-07-15,5.0
electronics_009,BrandJ Speaker,electronics,BrandJ,1361.16,7,54,2025-07-16,3.2
electronics_009,BrandJ Speaker,electronics,BrandJ,1463.82,20,90,2025-07-17,3.7
electronics_009,BrandJ Speaker,electronics,BrandJ,1255.13,8,39,2025-07-18,3.5
electronics_009,BrandJ Speaker,electronics,BrandJ,1480.1,22,123,2025-07-19,3.2
electronics_009,BrandJ Speaker,electronics,BrandJ,1376.45,19,109,2025-07-20,4.3
electronics_009,BrandJ Speaker,electronics,BrandJ,1441.38,25,96,2025-07-21,3.5
electronics_009,BrandJ Speaker,electronics,BrandJ,1429.44,32,84,2025-07-22,3.3
electronics_009,BrandJ Speaker,electronics,BrandJ,1343.98,22,136,2025-07-23,4.4
electronics_009,BrandJ Speaker,electronics,BrandJ,1342.98,20,70,2025-07-24,3.9
electronics_009,BrandJ Speaker,electronics,BrandJ,1351.27,31,97,2025-07-25,4.3
electronics_009,BrandJ Speaker,electronics,BrandJ,1412.71,5,32,2025-07-26,4.8
electronics_009,BrandJ Speaker,electronics,BrandJ,1303.04,15,95,2025-07-27,3.0
electronics_009,BrandJ Speaker,electronics,BrandJ,1480.18,27,93,2025-07-28,4.4
electronics_009,BrandJ Speaker,electronics,BrandJ,1383.79,4,13,2025-07-29,3.4
electronics_009,BrandJ Speaker,electronics,BrandJ,1295.36,4,19,2025-07-30,4.5
electronics_009,BrandJ Speaker,electronics,BrandJ,1470.85,6,46,2025-07-31,4.7
electronics_009,BrandJ Speaker,electronics,BrandJ,1393.53,33,173,2025-08-01,3.4
electronics_009,BrandJ Speaker,electronics,BrandJ,1512.59,27,138,2025-08-02,3.1
electronics_009,BrandJ Speaker,electronics,BrandJ,1461.72,19,99,2025-08-03,3.5
electronics_009,BrandJ Speaker,electronics,BrandJ,1415.07,21,141,2025-08-04,3.9
electronics_009,BrandJ Speaker,electronics,BrandJ,1266.08,28,127,2025-08-05,3.9
electronics_009,BrandJ Speaker,electronics,BrandJ,1396.21,5,34,2025-08-06,3.6
electronics_009,BrandJ Speaker,electronics,BrandJ,1332.04,12,60,2025-08-07,3.1
electronics_009,BrandJ Speaker,electronics,BrandJ,1413.87,6,39,2025-08-08,3.8
electronics_009,BrandJ Speaker,electronics,BrandJ,1327.23,9,26,2025-08-09,3.1
electronics_009,BrandJ Speaker,electronics,BrandJ,1451.97,22,151,2025-08-10,4.4
electronics_009,BrandJ Speaker,electronics,BrandJ,1335.91,11,38,2025-08-11,4.0
electronics_009,BrandJ Speaker,electronics,BrandJ,1210.18,16,111,2025-08-12,4.6
electronics_009,BrandJ Speaker,electronics,BrandJ,1396.94,29,114,2025-08-13,3.7
electronics_009,BrandJ Speaker,electronics,BrandJ,1407.94,29,75,2025-08-14,3.8
electronics_009,BrandJ Speaker,electronics,BrandJ,1371.03,14,100,2025-08-15,4.4
electronics_009,BrandJ Speaker,electronics,BrandJ,1426.47,25,115,2025-08-16,4.2
electronics_009,BrandJ Speaker,electronics,BrandJ,1447.19,6,36,2025-08-17,3.5
electronics_009,BrandJ Speaker,electronics,BrandJ,1366.66,10,25,2025-08-18,3.0
electronics_009,BrandJ Speaker,electronics,BrandJ,1309.69,4,13,2025-08-19,4.0
electronics_009,BrandJ Speaker,electronics,BrandJ,1260.6,5,21,2025-08-20,3.5
electronics_009,BrandJ Speaker,electronics,BrandJ,1429.7,21,96,2025-08-21,4.1
electronics_009,BrandJ Speaker,electronics,BrandJ,1434.17,9,45,2025-08-22,3.8
electronics_009,BrandJ Speaker,electronics,BrandJ,1437.08,22,59,2025-08-23,4.2
electronics_009,BrandJ Speaker,electronics,BrandJ,1391.07,6,36,2025-08-24,3.4
electronics_009,BrandJ Speaker,electronics,BrandJ,1418.4,8,40,2025-08-25,3.8
electronics_009,BrandJ Speaker,electronics,BrandJ,1355.71,17,98,2025-08-26,4.4
electronics_009,BrandJ Speaker,electronics,BrandJ,1378.34,37,256,2025-08-27,4.7
electronics_009,BrandJ Speaker,electronics,BrandJ,1214.27,27,127,2025-08-28,3.4
electronics_009,BrandJ Speaker,electronics,BrandJ,1303.42,15,102,2025-08-29,4.8
electronics_009,BrandJ Speaker,electronics,BrandJ,1395.23,22,171,2025-08-30,3.1
electronics_009,BrandJ Speaker,electronics,BrandJ,1372.28,15,102,2025-08-31,3.9
electronics_009,BrandJ Speaker,electronics,BrandJ,1284.15,12,50,2025-09-01,3.1
electronics_009,BrandJ Speaker,electronics,BrandJ,1316.96,14,83,2025-09-02,4.4
electronics_009,BrandJ Speaker,electronics,BrandJ,1344.4,4,27,2025-09-03,4.5
electronics_009,BrandJ Speaker,electronics,BrandJ,1307.98,27,148,2025-09-04,4.6
electronics_009,BrandJ Speaker,electronics,BrandJ,1410.96,20,56,2025-09-05,4.3
electronics_009,BrandJ Speaker,electronics,BrandJ,1511.64,9,28,2025-09-06,4.8
electronics_009,BrandJ Speaker,electronics,BrandJ,1439.03,26,145,2025-09-07,4.3
electronics_009,BrandJ Speaker,electronics,BrandJ,1372.1,26,76,2025-09-08,3.9
electronics_009,BrandJ Speaker,electronics,BrandJ,1290.4,11,42,2025-09-09,3.5
electronics_009,BrandJ Speaker,electronics,BrandJ,1333.2,22,110,2025-09-10,3.4
electronics_010,BrandA Laptop,electronics,BrandA,1204.04,13,100,2025-07-13,3.9
electronics_010,BrandA Laptop,electronics,BrandA,1263.33,34,220,2025-07-14,3.5
electronics_010,BrandA Laptop,electronics,BrandA,1243.5,18,66,2025-07-15,4.3
electronics_010,BrandA Laptop,electronics,BrandA,1202.84,20,157,2025-07-16,4.6
electronics_010,BrandA Laptop,electronics,BrandA,1210.29,9,29,2025-07-17,3.9
electronics_010,BrandA Laptop,electronics,BrandA,1132.88,22,152,2025-07-18,4.3
electronics_010,BrandA Laptop,electronics,BrandA,1236.09,18,57,2025-07-19,4.0
electronics_010,BrandA Laptop,electronics,BrandA,1187.75,32,82,2025-07-20,4.5
electronics_010,BrandA Laptop,electronics,BrandA,1201.53,40,278,2025-07-21,4.8
electronics_010,BrandA Laptop,electronics,BrandA,1312.06,9,35,2025-07-22,4.9
electronics_010,BrandA Laptop,electronics,BrandA,1154.95,6,23,2025-07-23,3.0
electronics_010,BrandA Laptop,electronics,BrandA,1104.91,9,45,2025-07-24,3.0
electronics_010,BrandA Laptop,electronics,BrandA,1158.67,18,78,2025-07-25,3.1
electronics_010,BrandA Laptop,electronics,BrandA,1294.0,27,76,2025-07-26,4.2
electronics_010,BrandA Laptop,electronics,BrandA,1276.66,15,63,2025-07-27,4.2
electronics_010,BrandA Laptop,electronics,BrandA,1135.81,25,124,2025-07-28,4.7
electronics_010,BrandA Laptop,electronics,BrandA,1208.06,19,146,2025-07-29,4.7
electronics_010,BrandA Laptop,electronics,BrandA,1222.13,6,45,2025-07-30,4.3
electronics_010,BrandA Laptop,electronics,BrandA,1175.67,31,74,2025-07-31,4.1
electronics_010,BrandA Laptop,electronics,BrandA,1210.95,18,58,2025-08-01,3.1
electronics_010,BrandA Laptop,electronics,BrandA,1135.31,49,115,2025-08-02,4.4
electronics_010,BrandA Laptop,electronics,BrandA,1095.3,15,111,2025-08-03,4.3
electronics_010,BrandA Laptop,electronics,BrandA,1236.77,25,61,2025-08-04,4.5
electronics_010,BrandA Laptop,electronics,BrandA,1177.86,21,50,2025-08-05,3.5
electronics_010,BrandA Laptop,electronics,BrandA,1178.6,13,79,2025-08-06,4.2
electronics_010,BrandA Laptop,electronics,BrandA,1192.59,25,106,2025-08-07,4.6
electronics_010,BrandA Laptop,electronics,BrandA,1130.41,22,123,2025-08-08,4.2
electronics_010,BrandA Laptop,electronics,BrandA,1192.84,14,61,2025-08-09,4.3
electronics_010,BrandA Laptop,electronics,BrandA,1194.58,23,154,2025-08-10,3.8
electronics_010,BrandA Laptop,electronics,BrandA,1160.59,3,22,2025-08-11,3.1
electronics_010,BrandA Laptop,electronics,BrandA,1239.61,16,47,2025-08-12,3.2
electronics_010,BrandA Laptop,electronics,BrandA,1198.63,7,14,2025-08-13,4.7
electronics_010,BrandA Laptop,electronics,BrandA,1082.1,10,78,2025-08-14,3.3
electronics_010,BrandA Laptop,electronics,BrandA,1178.16,6,47,2025-08-15,3.5
electronics_010,BrandA Laptop,electronics,BrandA,1264.55,10,48,2025-08-16,4.6
electronics_010,BrandA Laptop,electronics,BrandA,1149.65,2,10,2025-08-17,4.8
electronics_010,BrandA Laptop,electronics,BrandA,1184.93,16,100,2025-08-18,3.6
electronics_010,BrandA Laptop,electronics,BrandA,1098.13,13,68,2025-08-19,5.0
electronics_010,BrandA Laptop,electronics,BrandA,1102.09,5,13,2025-08-20,4.1
electronics_010,BrandA Laptop,electronics,BrandA,1167.29,17,100,2025-08-21,4.1
electronics_010,BrandA Laptop,electronics,BrandA,1231.2,9,61,2025-08-22,3.2
electronics_010,BrandA Laptop,electronics,BrandA,1171.42,26,192,2025-08-23,4.8
electronics_010,BrandA Laptop,electronics,BrandA,1216.46,33,167,2025-08-24,4.7
electronics_010,BrandA Laptop,electronics,BrandA,1189.74,32,206,2025-08-25,3.6
electronics_010,BrandA Laptop,electronics,BrandA,1180.14,18,79,2025-08-26,4.8
electronics_010,BrandA Laptop,electronics,BrandA,1248.52,28,118,2025-08-27,4.6
electronics_010,BrandA Laptop,electronics,BrandA,1148.16,31,168,2025-08-28,3.7
electronics_010,BrandA Laptop,electronics,BrandA,1174.36,13,71,2025-08-29,4.5
electronics_010,BrandA Laptop,electronics,BrandA,1294.2,6,25,2025-08-30,3.5
electronics_010,BrandA Laptop,electronics,BrandA,1236.85,6,22,2025-08-31,3.5
electronics_010,BrandA Laptop,electronics,BrandA,1208.03,29,160,2025-09-01,3.0
electronics_010,BrandA Laptop,electronics,BrandA,1210.46,27,177,2025-09-02,4.0
electronics_010,BrandA Laptop,electronics,BrandA,1187.71,16,99,2025-09-03,4.0
electronics_010,BrandA Laptop,electronics,BrandA,1233.6,5,29,2025-09-04,3.5
electronics_010,BrandA Laptop,electronics,BrandA,1143.85,40,109,2025-09-05,4.3
electronics_010,BrandA Laptop,electronics,BrandA,1256.93,29,231,2025-09-06,4.6
electronics_010,BrandA Laptop,electronics,BrandA,1167.65,16,76,2025-09-07,4.5
electronics_010,BrandA Laptop,electronics,BrandA,1179.68,25,79,2025-09-08,3.1
electronics_010,BrandA Laptop,electronics,BrandA,1280.1,11,58,2025-09-09,4.7
electronics_010,BrandA Laptop,electronics,BrandA,1080.94,22,100,2025-09-10,3.2
electronics_011,BrandB Laptop,electronics,BrandB,512.34,41,246,2025-07-13,4.9
electronics_011,BrandB Laptop,electronics,BrandB,514.61,22,85,2025-07-14,4.7
electronics_011,BrandB Laptop,electronics,BrandB,474.44,18,140,2025-07-15,3.0
electronics_011,BrandB Laptop,electronics,BrandB,522.12,35,277,2025-07-16,3.6
electronics_011,BrandB Laptop,electronics,BrandB,481.67,21,74,2025-07-17,3.7
electronics_011,BrandB Laptop,electronics,BrandB,485.11,31,73,2025-07-18,3.2
electronics_011,BrandB Laptop,electronics,BrandB,525.49,7,54,2025-07-19,3.9
electronics_011,BrandB Laptop,electronics,BrandB,475.46,23,137,2025-07-20,4.5
electronics_011,BrandB Laptop,electronics,BrandB,508.82,52,359,2025-07-21,4.5
electronics_011,BrandB Laptop,electronics,BrandB,513.1,16,70,2025-07-22,4.8
electronics_011,BrandB Laptop,electronics,BrandB,525.78,11,34,2025-07-23,3.4
electronics_011,BrandB Laptop,electronics,BrandB,475.79,23,62,2025-07-24,4.5
electronics_011,BrandB Laptop,electronics,BrandB,450.82,25,94,2025-07-25,4.2
electronics_011,BrandB Laptop,electronics,BrandB,486.62,8,42,2025-07-26,4.8
electronics_011,BrandB Laptop,electronics,BrandB,549.32,25,189,2025-07-27,4.6
electronics_011,BrandB Laptop,electronics,BrandB,545.4,46,202,2025-07-28,3.7
electronics_011,BrandB Laptop,electronics,BrandB,493.88,27,129,2025-07-29,3.2
electronics_011,BrandB Laptop,electronics,BrandB,500.76,29,63,2025-07-30,4.3
electronics_011,BrandB Laptop,electronics,BrandB,472.85,11,59,2025-07-31,3.6
electronics_011,BrandB Laptop,electronics,BrandB,495.31,19,43,2025-08-01,3.1
electronics_011,BrandB Laptop,electronics,BrandB,506.78,18,102,2025-08-02,3.5
electronics_011,BrandB Laptop,electronics,BrandB,469.97,45,311,2025-08-03,4.0
electronics_011,BrandB Laptop,electronics,BrandB,464.35,26,103,2025-08-04,3.4
electronics_011,BrandB Laptop,electronics,BrandB,495.26,19,133,2025-08-05,3.4
electronics_011,BrandB Laptop,electronics,BrandB,527.42,33,142,2025-08-06,3.9
electronics_011,BrandB Laptop,electronics,BrandB,507.4,8,60,2025-08-07,4.4
electronics_011,BrandB Laptop,electronics,BrandB,484.06,23,102,2025-08-08,3.3
electronics_011,BrandB Laptop,electronics,BrandB,521.34,26,163,2025-08-09,3.1
electronics_011,BrandB Laptop,electronics,BrandB,492.86,27,206,2025-08-10,4.3
electronics_011,BrandB Laptop,electronics,BrandB,491.5,23,101,2025-08-11,4.7
electronics_011,BrandB Laptop,electronics,BrandB,507.78,23,81,2025-08-12,3.2
electronics_011,BrandB Laptop,electronics,BrandB,469.87,20,118,2025-08-13,3.1
electronics_011,BrandB Laptop,electronics,BrandB,466.51,9,62,2025-08-14,3.1
electronics_011,BrandB Laptop,electronics,BrandB,466.56,37,197,2025-08-15,3.5
electronics_011,BrandB Laptop,electronics,BrandB,561.77,41,136,2025-08-16,4.8
electronics_011,BrandB Laptop,electronics,BrandB,552.02,25,162,2025-08-17,4.1
electronics_011,BrandB Laptop,electronics,BrandB,478.4,46,319,2025-08-18,3.3
electronics_011,BrandB Laptop,electronics,BrandB,500.84,47,215,2025-08-19,3.8
electronics_011,BrandB Laptop,electronics,BrandB,492.27,40,196,2025-08-20,4.0
electronics_011,BrandB Laptop,electronics,BrandB,514.05,11,24,2025-08-21,3.5
electronics_011,BrandB Laptop,electronics,BrandB,494.59,36,146,2025-08-22,4.3
electronics_011,BrandB Laptop,electronics,BrandB,551.42,13,103,2025-08-23,3.1
electronics_011,BrandB Laptop,electronics,BrandB,559.1,37,100,2025-08-24,4.9
electronics_011,BrandB Laptop,electronics,BrandB,508.23,10,38,2025-08-25,4.1
electronics_011,BrandB Laptop,electronics,BrandB,467.53,10,45,2025-08-26,4.5
electronics_011,BrandB Laptop,electronics,BrandB,475.68,4,23,2025-08-27,4.2
electronics_011,BrandB Laptop,electronics,BrandB,484.73,4,28,2025-08-28,4.9
electronics_011,BrandB Laptop,electronics,BrandB,487.51,35,264,2025-08-29,3.8
electronics_011,BrandB Laptop,electronics,BrandB,468.86,7,38,2025-08-30,3.0
electronics_011,BrandB Laptop,electronics,BrandB,500.11,7,38,2025-08-31,3.8
electronics_011,BrandB Laptop,electronics,BrandB,498.04,16,100,2025-09-01,3.5
electronics_011,BrandB Laptop,electronics,BrandB,490.86,30,69,2025-09-02,3.9
electronics_011,BrandB Laptop,electronics,BrandB,507.95,14,46,2025-09-03,4.6
electronics_011,BrandB Laptop,electronics,BrandB,446.64,34,85,2025-09-04,3.4
electronics_011,BrandB Laptop,electronics,BrandB,423.28,16,69,2025-09-05,4.1
electronics_011,BrandB Laptop,electronics,BrandB,523.67,27,177,2025-09-06,3.3
electronics_011,BrandB Laptop,electronics,BrandB,505.63,16,71,2025-09-07,4.4
electronics_011,BrandB Laptop,electronics,BrandB,536.74,9,52,2025-09-08,3.5
electronics_011,BrandB Laptop,electronics,BrandB,471.57,17,58,2025-09-09,4.3
electronics_011,BrandB Laptop,electronics,BrandB,510.08,44,192,2025-09-10,3.3
electronics_012,BrandC Camera,electronics,BrandC,213.57,24,64,2025-07-13,3.3
electronics_012,BrandC Camera,electronics,BrandC,218.77,22,128,2025-07-14,5.0
electronics_012,BrandC Camera,electronics,BrandC,201.9,31,177,2025-07-15,4.3
electronics_012,BrandC Camera,electronics,BrandC,229.11,5,22,2025-07-16,3.6
electronics_012,BrandC Camera,electronics,BrandC,211.58,23,110,2025-07-17,4.0
electronics_012,BrandC Camera,electronics,BrandC,211.55,29,195,2025-07-18,4.2
electronics_012,BrandC Camera,electronics,BrandC,206.58,17,43,2025-07-19,4.9
electronics_012,BrandC Camera,electronics,BrandC,221.32,18,107,2025-07-20,4.3
electronics_012,BrandC Camera,electronics,BrandC,213.74,10,27,2025-07-21,4.4
electronics_012,BrandC Camera,electronics,BrandC,209.6,16,44,2025-07-22,3.1
electronics_012,BrandC Camera,electronics,BrandC,218.29,44,215,2025-07-23,4.6
electronics_012,BrandC Camera,electronics,BrandC,218.29,30,174,2025-07-24,4.6
electronics_012,BrandC Camera,electronics,BrandC,218.93,27,80,2025-07-25,3.0
electronics_012,BrandC Camera,electronics,BrandC,221.67,23,63,2025-07-26,4.6
electronics_012,BrandC Camera,electronics,BrandC,223.39,54,304,2025-07-27,3.6
electronics_012,BrandC Camera,electronics,BrandC,209.67,36,126,2025-07-28,4.5
electronics_012,BrandC Camera,electronics,BrandC,197.33,22,49,2025-07-29,4.4
electronics_012,BrandC Camera,electronics,BrandC,204.87,6,44,2025-07-30,4.3
electronics_012,BrandC Camera,electronics,BrandC,195.14,34,70,2025-07-31,3.6
electronics_012,BrandC Camera,electronics,BrandC,193.65,9,62,2025-08-01,4.8
electronics_012,BrandC Camera,electronics,BrandC,228.13,22,131,2025-08-02,5.0
electronics_012,BrandC Camera,electronics,BrandC,208.47,18,50,2025-08-03,3.2
electronics_012,BrandC Camera,electronics,BrandC,197.39,7,51,2025-08-04,3.9
electronics_012,BrandC Camera,electronics,BrandC,203.01,11,54,2025-08-05,4.7
electronics_012,BrandC Camera,electronics,BrandC,223.15,23,147,2025-08-06,4.3
electronics_012,BrandC Camera,electronics,BrandC,207.74,12,81,2025-08-07,3.9
electronics_012,BrandC Camera,electronics,BrandC,212.88,46,176,2025-08-08,4.0
electronics_012,BrandC Camera,electronics,BrandC,207.48,16,84,2025-08-09,4.0
electronics_012,BrandC Camera,electronics,BrandC,203.84,13,86,2025-08-10,4.3
electronics_012,BrandC Camera,electronics,BrandC,197.87,6,22,2025-08-11,4.9
electronics_012,BrandC Camera,electronics,BrandC,187.31,22,123,2025-08-12,4.3
electronics_012,BrandC Camera,electronics,BrandC,194.16,44,107,2025-08-13,4.8
electronics_012,BrandC Camera,electronics,BrandC,198.41,56,289,2025-08-14,4.5
electronics_012,BrandC Camera,electronics,BrandC,200.34,54,311,2025-08-15,4.9
electronics_012,BrandC Camera,electronics,BrandC,201.65,25,132,2025-08-16,4.6
electronics_012,BrandC Camera,electronics,BrandC,222.24,12,82,2025-08-17,3.9
electronics_012,BrandC Camera,electronics,BrandC,205.74,8,21,2025-08-18,4.9
electronics_012,BrandC Camera,electronics,BrandC,204.32,57,114,2025-08-19,4.2
electronics_012,BrandC Camera,electronics,BrandC,197.24,31,146,2025-08-20,3.8
electronics_012,BrandC Camera,electronics,BrandC,198.93,14,43,2025-08-21,3.5
electronics_012,BrandC Camera,electronics,BrandC,195.28,42,158,2025-08-22,3.3
electronics_012,BrandC Camera,electronics,BrandC,212.02,32,198,2025-08-23,3.4
electronics_012,BrandC Camera,electronics,BrandC,212.87,8,21,2025-08-24,3.5
electronics_012,BrandC Camera,electronics,BrandC,208.61,21,116,2025-08-25,3.3
electronics_012,BrandC Camera,electronics,BrandC,216.9,21,119,2025-08-26,4.0
electronics_012,BrandC Camera,electronics,BrandC,202.3,16,51,2025-08-27,3.6
electronics_012,BrandC Camera,electronics,BrandC,191.14,10,60,2025-08-28,3.6
electronics_012,BrandC Camera,electronics,BrandC,221.93,26,125,2025-08-29,3.8
electronics_012,BrandC Camera,electronics,BrandC,219.69,24,173,2025-08-30,3.0
electronics_012,BrandC Camera,electronics,BrandC,217.93,14,79,2025-08-31,3.0
electronics_012,BrandC Camera,electronics,BrandC,203.88,27,200,2025-09-01,4.7
electronics_012,BrandC Camera,electronics,BrandC,202.97,9,32,2025-09-02,4.0
electronics_012,BrandC Camera,electronics,BrandC,205.15,27,56,2025-09-03,3.5
electronics_012,BrandC Camera,electronics,BrandC,204.58,23,47,2025-09-04,4.0
electronics_012,BrandC Camera,electronics,BrandC,210.99,18,126,2025-09-05,4.1
electronics_012,BrandC Camera,electronics,BrandC,229.19,3,10,2025-09-06,4.5
electronics_012,BrandC Camera,electronics,BrandC,219.97,15,106,2025-09-07,4.9
electronics_012,BrandC Camera,electronics,BrandC,202.14,14,67,2025-09-08,3.0
electronics_012,BrandC Camera,electronics,BrandC,206.25,24,191,2025-09-09,3.4
electronics_012,BrandC Camera,electronics,BrandC,200.34,41,273,2025-09-10,4.6
electronics_013,BrandD Monitor,electronics,BrandD,1104.82,35,246,2025-07-13,3.6
electronics_013,BrandD Monitor,electronics,BrandD,992.85,16,126,2025-07-14,4.4
electronics_013,BrandD Monitor,electronics,BrandD,1137.41,3,10,2025-07-15,4.3
electronics_013,BrandD Monitor,electronics,BrandD,1021.82,27,121,2025-07-16,3.0
electronics_013,BrandD Monitor,electronics,BrandD,1027.51,6,46,2025-07-17,4.2
electronics_013,BrandD Monitor,electronics,BrandD,1032.74,20,68,2025-07-18,3.2
electronics_013,BrandD Monitor,electronics,BrandD,1155.01,22,116,2025-07-19,4.0
electronics_013,BrandD Monitor,electronics,BrandD,1077.98,21,167,2025-07-20,3.5
electronics_013,BrandD Monitor,electronics,BrandD,1085.87,11,48,2025-07-21,3.8
electronics_013,BrandD Monitor,electronics,BrandD,1050.35,34,153,2025-07-22,4.2
electronics_013,BrandD Monitor,electronics,BrandD,1107.4,35,82,2025-07-23,4.4
electronics_013,BrandD Monitor,electronics,BrandD,1069.54,17,75,2025-07-24,4.0
electronics_013,BrandD Monitor,electronics,BrandD,1029.99,10,29,2025-07-25,4.9
electronics_013,BrandD Monitor,electronics,BrandD,1203.21,14,63,2025-07-26,3.7
electronics_013,BrandD Monitor,electronics,BrandD,1210.36,11,53,2025-07-27,4.1
electronics_013,BrandD Monitor,electronics,BrandD,1006.15,30,64,2025-07-28,3.7
electronics_013,BrandD Monitor,electronics,BrandD,1101.65,15,92,2025-07-29,4.1
electronics_013,BrandD Monitor,electronics,BrandD,1119.68,27,133,2025-07-30,3.3
electronics_013,BrandD Monitor,electronics,BrandD,1053.99,16,81,2025-07-31,3.6
electronics_013,BrandD Monitor,electronics,BrandD,1083.27,12,76,2025-08-01,3.0
electronics_013,BrandD Monitor,electronics,BrandD,1162.99,9,43,2025-08-02,3.2
electronics_013,BrandD Monitor,electronics,BrandD,1174.71,23,117,2025-08-03,4.8
electronics_013,BrandD Monitor,electronics,BrandD,1096.03,40,223,2025-08-04,4.6
electronics_013,BrandD Monitor,electronics,BrandD,1169.53,29,157,2025-08-05,3.4
electronics_013,BrandD Monitor,electronics,BrandD,1037.38,10,38,2025-08-06,4.1
electronics_013,BrandD Monitor,electronics,BrandD,997.36,33,82,2025-08-07,3.2
electronics_013,BrandD Monitor,electronics,BrandD,1087.31,7,25,2025-08-08,3.8
electronics_013,BrandD Monitor,electronics,BrandD,1201.48,35,265,2025-08-09,3.0
electronics_013,BrandD Monitor,electronics,BrandD,1254.92,16,97,2025-08-10,4.9
electronics_013,BrandD Monitor,electronics,BrandD,1119.27,4,13,2025-08-11,4.8
electronics_013,BrandD Monitor,electronics,BrandD,1037.83,7,50,2025-08-12,4.0
electronics_013,BrandD Monitor,electronics,BrandD,1020.76,33,216,2025-08-13,3.6
electronics_013,BrandD Monitor,electronics,BrandD,1008.77,33,193,2025-08-14,4.9
electronics_013,BrandD Monitor,electronics,BrandD,1138.88,24,147,2025-08-15,4.9
electronics_013,BrandD Monitor,electronics,BrandD,1073.1,24,153,2025-08-16,4.2
electronics_013,BrandD Monitor,electronics,BrandD,1128.81,9,41,2025-08-17,4.3
electronics_013,BrandD Monitor,electronics,BrandD,1037.25,20,72,2025-08-18,3.4
electronics_013,BrandD Monitor,electronics,BrandD,1089.41,16,104,2025-08-19,4.8
electronics_013,BrandD Monitor,electronics,BrandD,1064.62,38,161,2025-08-20,3.7
electronics_013,BrandD Monitor,electronics,BrandD,1082.09,6,20,2025-08-21,3.6
electronics_013,BrandD Monitor,electronics,BrandD,1097.66,14,100,2025-08-22,4.7
electronics_013,BrandD Monitor,electronics,BrandD,1096.36,28,214,2025-08-23,4.4
electronics_013,BrandD Monitor,electronics,BrandD,1127.98,14,70,2025-08-24,3.2
electronics_013,BrandD Monitor,electronics,BrandD,1138.08,27,76,2025-08-25,4.9
electronics_013,BrandD Monitor,electronics,BrandD,1149.29,20,137,2025-08-26,4.9
electronics_013,BrandD Monitor,electronics,BrandD,1128.52,7,43,2025-08-27,4.5
electronics_013,BrandD Monitor,electronics,BrandD,1020.19,38,114,2025-08-28,3.1
electronics_013,BrandD Monitor,electronics,BrandD,1072.11,43,184,2025-08-29,3.3
electronics_013,BrandD Monitor,electronics,BrandD,1137.46,12,75,2025-08-30,4.0
electronics_013,BrandD Monitor,electronics,BrandD,1080.04,45,313,2025-08-31,4.4
electronics_013,BrandD Monitor,electronics,BrandD,1150.7,18,130,2025-09-01,4.5
electronics_013,BrandD Monitor,electronics,BrandD,1071.15,26,59,2025-09-02,4.9
electronics_013,BrandD Monitor,electronics,BrandD,1142.24,15,52,2025-09-03,4.9
electronics_013,BrandD Monitor,electronics,BrandD,1138.45,13,36,2025-09-04,3.0
electronics_013,BrandD Monitor,electronics,BrandD,1106.81,15,62,2025-09-05,3.7
electronics_013,BrandD Monitor,electronics,BrandD,977.12,40,201,2025-09-06,4.0
electronics_013,BrandD Monitor,electronics,BrandD,1117.56,24,133,2025-09-07,3.8
electronics_013,BrandD Monitor,electronics,BrandD,1160.71,9,62,2025-09-08,4.3
electronics_013,BrandD Monitor,electronics,BrandD,1017.06,6,39,2025-09-09,4.0
electronics_013,BrandD Monitor,electronics,BrandD,1132.93,23,106,2025-09-10,4.8
electronics_014,BrandE Tablet,electronics,BrandE,156.96,10,20,2025-07-13,4.8
electronics_014,BrandE Tablet,electronics,BrandE,157.35,13,35,2025-07-14,3.1
electronics_014,BrandE Tablet,electronics,BrandE,156.12,24,65,2025-07-15,4.0
electronics_014,BrandE Tablet,electronics,BrandE,143.93,22,138,2025-07-16,3.2
electronics_014,BrandE Tablet,electronics,BrandE,163.41,17,79,2025-07-17,4.4
electronics_014,BrandE Tablet,electronics,BrandE,162.52,42,86,2025-07-18,4.6
electronics_014,BrandE Tablet,electronics,BrandE,162.04,25,198,2025-07-19,4.5
electronics_014,BrandE Tablet,electronics,BrandE,161.81,32,228,2025-07-20,3.2
electronics_014,BrandE Tablet,electronics,BrandE,145.95,6,26,2025-07-21,3.5
electronics_014,BrandE Tablet,electronics,BrandE,149.48,49,98,2025-07-22,3.6
electronics_014,BrandE Tablet,electronics,BrandE,147.47,6,18,2025-07-23,4.1
electronics_014,BrandE Tablet,electronics,BrandE,148.43,14,101,2025-07-24,4.8
electronics_014,BrandE Tablet,electronics,BrandE,137.33,9,69,2025-07-25,3.1
electronics_014,BrandE Tablet,electronics,BrandE,151.59,14,41,2025-07-26,4.6
electronics_014,BrandE Tablet,electronics,BrandE,162.34,8,19,2025-07-27,4.8
electronics_014,BrandE Tablet,electronics,BrandE,157.39,26,64,2025-07-28,4.9
electronics_014,BrandE Tablet,electronics,BrandE,158.19,11,78,2025-07-29,3.0
electronics_014,BrandE Tablet,electronics,BrandE,165.9,46,342,2025-07-30,4.6
electronics_014,BrandE Tablet,electronics,BrandE,152.31,18,67,2025-07-31,3.8
electronics_014,BrandE Tablet,electronics,BrandE,160.9,6,36,2025-08-01,3.3
electronics_014,BrandE Tablet,electronics,BrandE,160.14,24,154,2025-08-02,4.3
electronics_014,BrandE Tablet,electronics,BrandE,161.14,6,25,2025-08-03,3.8
electronics_014,BrandE Tablet,electronics,BrandE,150.59,12,52,2025-08-04,4.9
electronics_014,BrandE Tablet,electronics,BrandE,156.76,8,63,2025-08-05,3.8
electronics_014,BrandE Tablet,electronics,BrandE,148.34,40,126,2025-08-06,3.3
electronics_014,BrandE Tablet,electronics,BrandE,155.78,47,113,2025-08-07,3.7
electronics_014,BrandE Tablet,electronics,BrandE,161.71,14,40,2025-08-08,4.2
electronics_014,BrandE Tablet,electronics,BrandE,156.39,13,41,2025-08-09,3.5
electronics_014,BrandE Tablet,electronics,BrandE,167.53,22,135,2025-08-10,3.7
electronics_014,BrandE Tablet,electronics,BrandE,149.77,28,190,2025-08-11,3.4
electronics_014,BrandE Tablet,electronics,BrandE,163.75,4,24,2025-08-12,3.6
electronics_014,BrandE Tablet,electronics,BrandE,154.71,13,56,2025-08-13,3.2
electronics_014,BrandE Tablet,electronics,BrandE,150.05,7,52,2025-08-14,3.0
electronics_014,BrandE Tablet,electronics,BrandE,145.28,18,136,2025-08-15,3.3
electronics_014,BrandE Tablet,electronics,BrandE,162.37,57,303,2025-08-16,4.1
electronics_014,BrandE Tablet,electronics,BrandE,156.18,41,162,2025-08-17,3.7
electronics_014,BrandE Tablet,electronics,BrandE,147.8,57,366,2025-08-18,4.2
electronics_014,BrandE Tablet,electronics,BrandE,151.71,9,58,2025-08-19,4.8
electronics_014,BrandE Tablet,electronics,BrandE,139.15,38,177,2025-08-20,4.0
electronics_014,BrandE Tablet,electronics,BrandE,159.07,28,184,2025-08-21,4.6
electronics_014,BrandE Tablet,electronics,BrandE,147.33,26,108,2025-08-22,4.6
electronics_014,BrandE Tablet,electronics,BrandE,161.11,41,280,2025-08-23,4.7
electronics_014,BrandE Tablet,electronics,BrandE,155.51,21,126,2025-08-24,3.9
electronics_014,BrandE Tablet,electronics,BrandE,147.78,41,127,2025-08-25,4.5
electronics_014,BrandE Tablet,electronics,BrandE,142.5,18,116,2025-08-26,4.0
electronics_014,BrandE Tablet,electronics,BrandE,146.67,21,108,2025-08-27,4.4
electronics_014,BrandE Tablet,electronics,BrandE,150.88,6,19,2025-08-28,3.0
electronics_014,BrandE Tablet,electronics,BrandE,159.49,31,164,2025-08-29,3.3
electronics_014,BrandE Tablet,electronics,BrandE,165.13,48,317,2025-08-30,5.0
electronics_014,BrandE Tablet,electronics,BrandE,145.28,39,94,2025-08-31,4.8
electronics_014,BrandE Tablet,electronics,BrandE,150.86,34,189,2025-09-01,3.8
electronics_014,BrandE Tablet,electronics,BrandE,162.72,19,137,2025-09-02,3.2
electronics_014,BrandE Tablet,electronics,BrandE,157.81,13,59,2025-09-03,3.3
electronics_014,BrandE Tablet,electronics,BrandE,156.06,44,139,2025-09-04,3.4
electronics_014,BrandE Tablet,electronics,BrandE,152.87,27,192,2025-09-05,4.3
electronics_014,BrandE Tablet,electronics,BrandE,164.48,35,265,2025-09-06,4.1
electronics_014,BrandE Tablet,electronics,BrandE,155.1,19,98,2025-09-07,4.1
electronics_014,BrandE Tablet,electronics,BrandE,144.58,23,131,2025-09-08,4.9
electronics_014,BrandE Tablet,electronics,BrandE,156.38,39,216,2025-09-09,3.4
electronics_014,BrandE Tablet,electronics,BrandE,162.34,40,197,2025-09-10,4.1
electronics_015,BrandF Camera,electronics,BrandF,1455.58,29,125,2025-07-13,4.0
electronics_015,BrandF Camera,electronics,BrandF,1471.75,29,81,2025-07-14,3.1
electronics_015,BrandF Camera,electronics,BrandF,1422.18,13,82,2025-07-15,4.7
electronics_015,BrandF Camera,electronics,BrandF,1409.97,32,71,2025-07-16,3.1
electronics_015,BrandF Camera,electronics,BrandF,1396.31,13,78,2025-07-17,3.7
electronics_015,BrandF Camera,electronics,BrandF,1398.49,13,63,2025-07-18,4.6
electronics_015,BrandF Camera,electronics,BrandF,1478.43,36,96,2025-07-19,3.5
electronics_015,BrandF Camera,electronics,BrandF,1468.41,38,182,2025-07-20,4.6
electronics_015,BrandF Camera,electronics,BrandF,1334.27,9,56,2025-07-21,4.1
electronics_015,BrandF Camera,electronics,BrandF,1423.69,17,121,2025-07-22,3.7
electronics_015,BrandF Camera,electronics,BrandF,1345.94,27,197,2025-07-23,3.5
electronics_015,BrandF Camera,electronics,BrandF,1453.9,21,77,2025-07-24,4.0
electronics_015,BrandF Camera,electronics,BrandF,1473.85,13,41,2025-07-25,3.5
electronics_015,BrandF Camera,electronics,BrandF,1429.2,7,36,2025-07-26,3.3
electronics_015,BrandF Camera,electronics,BrandF,1485.59,8,40,2025-07-27,3.2
electronics_015,BrandF Camera,electronics,BrandF,1466.77,25,129,2025-07-28,4.7
electronics_015,BrandF Camera,electronics,BrandF,1518.62,11,24,2025-07-29,4.5
electronics_015,BrandF Camera,electronics,BrandF,1406.26,20,63,2025-07-30,4.4
electronics_015,BrandF Camera,electronics,BrandF,1372.93,21,102,2025-07-31,4.3
electronics_015,BrandF Camera,electronics,BrandF,1321.78,18,52,2025-08-01,3.7
electronics_015,BrandF Camera,electronics,BrandF,1547.88,23,183,2025-08-02,3.9
electronics_015,BrandF Camera,electronics,BrandF,1471.79,18,58,2025-08-03,4.9
electronics_015,BrandF Camera,electronics,BrandF,1469.51,13,26,2025-08-04,3.8
electronics_015,BrandF Camera,electronics,BrandF,1252.39,23,131,2025-08-05,3.2
electronics_015,BrandF Camera,electronics,BrandF,1394.09,11,28,2025-08-06,3.9
electronics_015,BrandF Camera,electronics,BrandF,1348.39,24,181,2025-08-07,5.0
electronics_015,BrandF Camera,electronics,BrandF,1376.81,7,22,2025-08-08,4.9
electronics_015,BrandF Camera,electronics,BrandF,1425.11,6,34,2025-08-09,4.3
electronics_015,BrandF Camera,electronics,BrandF,1532.5,20,118,2025-08-10,3.5
electronics_015,BrandF Camera,electronics,BrandF,1418.36,10,34,2025-08-11,3.6
electronics_015,BrandF Camera,electronics,BrandF,1375.39,16,43,2025-08-12,4.9
electronics_015,BrandF Camera,electronics,BrandF,1456.62,27,56,2025-08-13,3.7
electronics_015,BrandF Camera,electronics,BrandF,1486.98,7,53,2025-08-14,3.3
electronics_015,BrandF Camera,electronics,BrandF,1443.06,32,123,2025-08-15,4.0
electronics_015,BrandF Camera,electronics,BrandF,1491.18,16,83,2025-08-16,4.4
electronics_015,BrandF Camera,electronics,BrandF,1549.97,11,53,2025-08-17,4.5
electronics_015,BrandF Camera,electronics,BrandF,1498.36,33,150,2025-08-18,3.2
electronics_015,BrandF Camera,electronics,BrandF,1417.18,8,18,2025-08-19,4.6
electronics_015,BrandF Camera,electronics,BrandF,1377.44,12,84,2025-08-20,4.3
electronics_015,BrandF Camera,electronics,BrandF,1355.58,20,125,2025-08-21,4.9
electronics_015,BrandF Camera,electronics,BrandF,1425.82,23,46,2025-08-22,3.9
electronics_015,BrandF Camera,electronics,BrandF,1470.57,15,52,2025-08-23,3.7
electronics_015,BrandF Camera,electronics,BrandF,1513.41,9,69,2025-08-24,4.3
electronics_015,BrandF Camera,electronics,BrandF,1431.87,4,10,2025-08-25,3.4
electronics_015,BrandF Camera,electronics,BrandF,1489.86,15,56,2025-08-26,4.1
electronics_015,BrandF Camera,electronics,BrandF,1458.74,16,108,2025-08-27,5.0
electronics_015,BrandF Camera,electronics,BrandF,1444.98,19,127,2025-08-28,4.0
electronics_015,BrandF Camera,electronics,BrandF,1511.71,10,48,2025-08-29,3.6
electronics_015,BrandF Camera,electronics,BrandF,1549.56,34,148,2025-08-30,3.9
electronics_015,BrandF Camera,electronics,BrandF,1438.42,6,14,2025-08-31,3.2
electronics_015,BrandF Camera,electronics,BrandF,1434.21,29,126,2025-09-01,3.5
electronics_015,BrandF Camera,electronics,BrandF,1523.84,18,137,2025-09-02,4.4
electronics_015,BrandF Camera,electronics,BrandF,1583.84,35,235,2025-09-03,3.0
electronics_015,BrandF Camera,electronics,BrandF,1581.93,25,81,2025-09-04,4.7
electronics_015,BrandF Camera,electronics,BrandF,1434.62,6,22,2025-09-05,3.2
electronics_015,BrandF Camera,electronics,BrandF,1437.09,30,207,2025-09-06,3.0
electronics_015,BrandF Camera,electronics,BrandF,1512.05,14,56,2025-09-07,4.4
electronics_015,BrandF Camera,electronics,BrandF,1483.52,8,22,2025-09-08,3.4
electronics_015,BrandF Camera,electronics,BrandF,1444.23,20,49,2025-09-09,4.4
electronics_015,BrandF Camera,electronics,BrandF,1503.2,10,47,2025-09-10,4.9
electronics_016,BrandG Smartphone,electronics,BrandG,787.44,15,108,2025-07-13,3.5
electronics_016,BrandG Smartphone,electronics,BrandG,730.88,28,218,2025-07-14,3.9
electronics_016,BrandG Smartphone,electronics,BrandG,771.25,17,61,2025-07-15,4.5
electronics_016,BrandG Smartphone,electronics,BrandG,698.97,12,59,2025-07-16,3.6
electronics_016,BrandG Smartphone,electronics,BrandG,736.77,32,142,2025-07-17,3.9
electronics_016,BrandG Smartphone,electronics,BrandG,771.21,13,79,2025-07-18,4.4
electronics_016,BrandG Smartphone,electronics,BrandG,760.79,30,71,2025-07-19,4.2
electronics_016,BrandG Smartphone,electronics,BrandG,759.03,39,85,2025-07-20,4.7
electronics_016,BrandG Smartphone,electronics,BrandG,702.43,8,61,2025-07-21,3.1
electronics_016,BrandG Smartphone,electronics,BrandG,738.01,21,110,2025-07-22,3.3
electronics_016,BrandG Smartphone,electronics,BrandG,721.8,10,44,2025-07-23,4.4
electronics_016,BrandG Smartphone,electronics,BrandG,737.28,13,102,2025-07-24,4.9
electronics_016,BrandG Smartphone,electronics,BrandG,735.55,7,27,2025-07-25,3.5
electronics_016,BrandG Smartphone,electronics,BrandG,850.43,34,240,2025-07-26,3.7
electronics_016,BrandG Smartphone,electronics,BrandG,747.28,7,43,2025-07-27,3.0
electronics_016,BrandG Smartphone,electronics,BrandG,693.24,24,158,2025-07-28,3.6
electronics_016,BrandG Smartphone,electronics,BrandG,736.88,24,152,2025-07-29,4.4
electronics_016,BrandG Smartphone,electronics,BrandG,802.0,49,143,2025-07-30,4.5
electronics_016,BrandG Smartphone,electronics,BrandG,695.57,24,96,2025-07-31,4.2
electronics_016,BrandG Smartphone,electronics,BrandG,766.57,32,163,2025-08-01,3.1
electronics_016,BrandG Smartphone,electronics,BrandG,789.16,10,30,2025-08-02,4.0
electronics_016,BrandG Smartphone,electronics,BrandG,746.26,17,47,2025-08-03,4.9
electronics_016,BrandG Smartphone,electronics,BrandG,775.65,9,59,2025-08-04,4.6
electronics_016,BrandG Smartphone,electronics,BrandG,744.07,29,203,2025-08-05,4.2
electronics_016,BrandG Smartphone,electronics,BrandG,736.84,33,72,2025-08-06,4.3
electronics_016,BrandG Smartphone,electronics,BrandG,755.13,12,63,2025-08-07,3.3
electronics_016,BrandG Smartphone,electronics,BrandG,798.53,11,28,2025-08-08,3.3
electronics_016,BrandG Smartphone,electronics,BrandG,794.05,25,66,2025-08-09,4.3
electronics_016,BrandG Smartphone,electronics,BrandG,797.09,27,66,2025-08-10,3.2
electronics_016,BrandG Smartphone,electronics,BrandG,744.22,16,122,2025-08-11,4.2
electronics_016,BrandG Smartphone,electronics,BrandG,779.94,9,57,2025-08-12,3.6
electronics_016,BrandG Smartphone,electronics,BrandG,705.8,51,182,2025-08-13,3.6
electronics_016,BrandG Smartphone,electronics,BrandG,801.85,40,313,2025-08-14,5.0
electronics_016,BrandG Smartphone,electronics,BrandG,811.56,10,59,2025-08-15,5.0
electronics_016,BrandG Smartphone,electronics,BrandG,786.14,6,25,2025-08-16,4.7
electronics_016,BrandG Smartphone,electronics,BrandG,776.53,8,36,2025-08-17,3.9
electronics_016,BrandG Smartphone,electronics,BrandG,767.75,17,87,2025-08-18,3.1
electronics_016,BrandG Smartphone,electronics,BrandG,757.33,22,90,2025-08-19,4.4
electronics_016,BrandG Smartphone,electronics,BrandG,808.65,16,62,2025-08-20,3.3
electronics_016,BrandG Smartphone,electronics,BrandG,747.49,26,187,2025-08-21,4.8
electronics_016,BrandG Smartphone,electronics,BrandG,690.91,3,18,2025-08-22,4.6
electronics_016,BrandG Smartphone,electronics,BrandG,772.91,24,174,2025-08-23,3.5
electronics_016,BrandG Smartphone,electronics,BrandG,738.38,8,59,2025-08-24,4.6
electronics_016,BrandG Smartphone,electronics,BrandG,751.74,20,105,2025-08-25,3.2
electronics_016,BrandG Smartphone,electronics,BrandG,778.62,14,43,2025-08-26,3.4
electronics_016,BrandG Smartphone,electronics,BrandG,764.79,30,63,2025-08-27,3.1
electronics_016,BrandG Smartphone,electronics,BrandG,809.13,16,65,2025-08-28,4.2
electronics_016,BrandG Smartphone,electronics,BrandG,788.94,32,206,2025-08-29,4.4
electronics_016,BrandG Smartphone,electronics,BrandG,768.5,6,16,2025-08-30,4.4
electronics_016,BrandG Smartphone,electronics,BrandG,746.54,8,55,2025-08-31,4.2
electronics_016,BrandG Smartphone,electronics,BrandG,810.19,32,224,2025-09-01,3.1
electronics_016,BrandG Smartphone,electronics,BrandG,784.7,15,87,2025-09-02,3.6
electronics_016,BrandG Smartphone,electronics,BrandG,713.66,32,97,2025-09-03,3.5
electronics_016,BrandG Smartphone,electronics,BrandG,793.47,11,31,2025-09-04,4.5
electronics_016,BrandG Smartphone,electronics,BrandG,794.14,9,52,2025-09-05,3.5
electronics_016,BrandG Smartphone,electronics,BrandG,809.29,21,137,2025-09-06,3.6
electronics_016,BrandG Smartphone,electronics,BrandG,706.87,31,116,2025-09-07,3.6
electronics_016,BrandG Smartphone,electronics,BrandG,793.65,8,59,2025-09-08,3.5
electronics_016,BrandG Smartphone,electronics,BrandG,786.75,10,78,2025-09-09,3.9
electronics_016,BrandG Smartphone,electronics,BrandG,765.83,16,50,2025-09-10,3.6
electronics_017,BrandH Monitor,electronics,BrandH,737.47,35,92,2025-07-13,3.8
electronics_017,BrandH Monitor,electronics,BrandH,749.9,32,168,2025-07-14,3.2
electronics_017,BrandH Monitor,electronics,BrandH,668.32,8,33,2025-07-15,3.5
electronics_017,BrandH Monitor,electronics,BrandH,681.3,17,48,2025-07-16,3.8
electronics_017,BrandH Monitor,electronics,BrandH,653.44,4,19,2025-07-17,4.4
electronics_017,BrandH Monitor,electronics,BrandH,673.91,35,127,2025-07-18,3.4
electronics_017,BrandH Monitor,electronics,BrandH,728.69,22,108,2025-07-19,3.4
electronics_017,BrandH Monitor,electronics,BrandH,723.44,6,28,2025-07-20,4.9
electronics_017,BrandH Monitor,electronics,BrandH,673.61,54,195,2025-07-21,3.0
electronics_017,BrandH Monitor,electronics,BrandH,674.71,12,80,2025-07-22,4.4
electronics_017,BrandH Monitor,electronics,BrandH,676.76,4,29,2025-07-23,4.9
electronics_017,BrandH Monitor,electronics,BrandH,719.33,11,22,2025-07-24,4.6
electronics_017,BrandH Monitor,electronics,BrandH,685.1,25,85,2025-07-25,3.2
electronics_017,BrandH Monitor,electronics,BrandH,740.56,51,207,2025-07-26,3.1
electronics_017,BrandH Monitor,electronics,BrandH,724.32,16,107,2025-07-27,3.4
electronics_017,BrandH Monitor,electronics,BrandH,676.06,18,81,2025-07-28,4.0
electronics_017,BrandH Monitor,electronics,BrandH,709.34,9,20,2025-07-29,3.0
electronics_017,BrandH Monitor,electronics,BrandH,704.73,25,167,2025-07-30,3.5
electronics_017,BrandH Monitor,electronics,BrandH,684.57,4,22,2025-07-31,5.0
electronics_017,BrandH Monitor,electronics,BrandH,736.24,19,52,2025-08-01,4.2
electronics_017,BrandH Monitor,electronics,BrandH,752.65,18,78,2025-08-02,4.8
electronics_017,BrandH Monitor,electronics,BrandH,739.52,15,111,2025-08-03,3.3
electronics_017,BrandH Monitor,electronics,BrandH,679.86,28,102,2025-08-04,3.9
electronics_017,BrandH Monitor,electronics,BrandH,654.29,25,182,2025-08-05,4.9
electronics_017,BrandH Monitor,electronics,BrandH,712.12,23,93,2025-08-06,3.0
electronics_017,BrandH Monitor,electronics,BrandH,702.09,28,129,2025-08-07,4.1
electronics_017,BrandH Monitor,electronics,BrandH,712.85,27,77,2025-08-08,4.8
electronics_017,BrandH Monitor,electronics,BrandH,677.98,16,74,2025-08-09,3.1
electronics_017,BrandH Monitor,electronics,BrandH,783.4,40,87,2025-08-10,4.1
electronics_017,BrandH Monitor,electronics,BrandH,694.54,5,37,2025-08-11,4.4
electronics_017,BrandH Monitor,electronics,BrandH,588.28,10,37,2025-08-12,4.7
electronics_017,BrandH Monitor,electronics,BrandH,746.17,30,74,2025-08-13,3.4
electronics_017,BrandH Monitor,electronics,BrandH,714.76,19,93,2025-08-14,4.9
electronics_017,BrandH Monitor,electronics,BrandH,718.01,22,63,2025-08-15,4.9
electronics_017,BrandH Monitor,electronics,BrandH,672.16,15,34,2025-08-16,3.9
electronics_017,BrandH Monitor,electronics,BrandH,707.28,35,145,2025-08-17,4.3
electronics_017,BrandH Monitor,electronics,BrandH,671.01,21,163,2025-08-18,4.9
electronics_017,BrandH Monitor,electronics,BrandH,684.2,25,50,2025-08-19,3.8
electronics_017,BrandH Monitor,electronics,BrandH,691.25,4,17,2025-08-20,3.4
electronics_017,BrandH Monitor,electronics,BrandH,695.84,34,240,2025-08-21,4.3
electronics_017,BrandH Monitor,electronics,BrandH,683.31,9,55,2025-08-22,3.6
electronics_017,BrandH Monitor,electronics,BrandH,709.04,49,289,2025-08-23,4.5
electronics_017,BrandH Monitor,electronics,BrandH,746.46,28,78,2025-08-24,3.2
electronics_017,BrandH Monitor,electronics,BrandH,687.76,24,53,2025-08-25,3.2
electronics_017,BrandH Monitor,electronics,BrandH,733.11,20,65,2025-08-26,4.6
electronics_017,BrandH Monitor,electronics,BrandH,698.23,28,80,2025-08-27,4.9
electronics_017,BrandH Monitor,electronics,BrandH,700.14,13,101,2025-08-28,3.5
electronics_017,BrandH Monitor,electronics,BrandH,698.58,24,120,2025-08-29,3.5
electronics_017,BrandH Monitor,electronics,BrandH,722.98,14,108,2025-08-30,4.8
electronics_017,BrandH Monitor,electronics,BrandH,748.83,32,88,2025-08-31,4.5
electronics_017,BrandH Monitor,electronics,BrandH,667.67,27,140,2025-09-01,4.7
electronics_017,BrandH Monitor,electronics,BrandH,707.82,5,29,2025-09-02,4.5
electronics_017,BrandH Monitor,electronics,BrandH,635.15,6,16,2025-09-03,4.2
electronics_017,BrandH Monitor,electronics,BrandH,712.56,25,150,2025-09-04,4.6
electronics_017,BrandH Monitor,electronics,BrandH,659.38,3,23,2025-09-05,4.8
electronics_017,BrandH Monitor,electronics,BrandH,714.17,21,54,2025-09-06,3.0
electronics_017,BrandH Monitor,electronics,BrandH,734.07,38,234,2025-09-07,3.2
electronics_017,BrandH Monitor,electronics,BrandH,657.96,25,170,2025-09-08,3.8
electronics_017,BrandH Monitor,electronics,BrandH,671.22,14,65,2025-09-09,3.2
electronics_017,BrandH Monitor,electronics,BrandH,731.16,24,59,2025-09-10,3.4
electronics_018,BrandI Keyboard,electronics,BrandI,1075.03,18,127,2025-07-13,4.0
electronics_018,BrandI Keyboard,electronics,BrandI,972.76,11,76,2025-07-14,3.8
electronics_018,BrandI Keyboard,electronics,BrandI,1025.01,13,44,2025-07-15,4.6
electronics_018,BrandI Keyboard,electronics,BrandI,920.45,7,24,2025-07-16,4.9
electronics_018,BrandI Keyboard,electronics,BrandI,983.84,17,65,2025-07-17,3.1
electronics_018,BrandI Keyboard,electronics,BrandI,1055.89,13,53,2025-07-18,3.9
electronics_018,BrandI Keyboard,electronics,BrandI,1067.17,13,44,2025-07-19,3.9
electronics_018,BrandI Keyboard,electronics,BrandI,1033.54,31,65,2025-07-20,3.8
electronics_018,BrandI Keyboard,electronics,BrandI,994.83,28,90,2025-07-21,4.5
electronics_018,BrandI Keyboard,electronics,BrandI,1046.49,14,88,2025-07-22,3.6
electronics_018,BrandI Keyboard,electronics,BrandI,1028.82,4,12,2025-07-23,4.9
electronics_018,BrandI Keyboard,electronics,BrandI,1027.04,36,189,2025-07-24,3.5
electronics_018,BrandI Keyboard,electronics,BrandI,1083.25,45,161,2025-07-25,4.3
electronics_018,BrandI Keyboard,electronics,BrandI,1103.29,22,83,2025-07-26,3.3
electronics_018,BrandI Keyboard,electronics,BrandI,1028.51,20,104,2025-07-27,3.2
electronics_018,BrandI Keyboard,electronics,BrandI,1066.37,24,163,2025-07-28,3.9
electronics_018,BrandI Keyboard,electronics,BrandI,987.63,31,207,2025-07-29,3.3
electronics_018,BrandI Keyboard,electronics,BrandI,892.35,39,299,2025-07-30,4.2
electronics_018,BrandI Keyboard,electronics,BrandI,996.87,5,15,2025-07-31,3.1
electronics_018,BrandI Keyboard,electronics,BrandI,1076.11,9,63,2025-08-01,3.3
electronics_018,BrandI Keyboard,electronics,BrandI,1017.37,13,45,2025-08-02,4.0
electronics_018,BrandI Keyboard,electronics,BrandI,1082.42,5,14,2025-08-03,3.1
electronics_018,BrandI Keyboard,electronics,BrandI,1002.25,33,167,2025-08-04,4.1
electronics_018,BrandI Keyboard,electronics,BrandI,964.91,11,43,2025-08-05,4.2
electronics_018,BrandI Keyboard,electronics,BrandI,1013.76,34,72,2025-08-06,4.6
electronics_018,BrandI Keyboard,electronics,BrandI,994.51,10,28,2025-08-07,4.4
electronics_018,BrandI Keyboard,electronics,BrandI,1093.74,38,233,2025-08-08,3.3
electronics_018,BrandI Keyboard,electronics,BrandI,1105.63,9,21,2025-08-09,4.4
electronics_018,BrandI Keyboard,electronics,BrandI,1111.79,24,61,2025-08-10,4.9
electronics_018,BrandI Keyboard,electronics,BrandI,987.12,13,29,2025-08-11,4.0
electronics_018,BrandI Keyboard,electronics,BrandI,1016.97,12,79,2025-08-12,4.6
electronics_018,BrandI Keyboard,electronics,BrandI,1009.73,13,37,2025-08-13,4.6
electronics_018,BrandI Keyboard,electronics,BrandI,982.94,18,47,2025-08-14,4.3
electronics_018,BrandI Keyboard,electronics,BrandI,1003.09,29,216,2025-08-15,4.1
electronics_018,BrandI Keyboard,electronics,BrandI,1050.23,24,140,2025-08-16,4.3
electronics_018,BrandI Keyboard,electronics,BrandI,1159.85,29,163,2025-08-17,3.3
electronics_018,BrandI Keyboard,electronics,BrandI,1064.65,7,33,2025-08-18,3.3
electronics_018,BrandI Keyboard,electronics,BrandI,1087.98,13,77,2025-08-19,4.7
electronics_018,BrandI Keyboard,electronics,BrandI,1011.02,30,88,2025-08-20,4.9
electronics_018,BrandI Keyboard,electronics,BrandI,1030.5,45,116,2025-08-21,3.6
electronics_018,BrandI Keyboard,electronics,BrandI,957.12,45,107,2025-08-22,4.1
electronics_018,BrandI Keyboard,electronics,BrandI,1164.28,14,58,2025-08-23,4.7
electronics_018,BrandI Keyboard,electronics,BrandI,1098.09,20,131,2025-08-24,4.4
electronics_018,BrandI Keyboard,electronics,BrandI,1047.51,23,105,2025-08-25,4.9
electronics_018,BrandI Keyboard,electronics,BrandI,970.71,16,123,2025-08-26,3.6
electronics_018,BrandI Keyboard,electronics,BrandI,995.86,27,104,2025-08-27,4.6
electronics_018,BrandI Keyboard,electronics,BrandI,992.12,13,55,2025-08-28,3.9
electronics_018,BrandI Keyboard,electronics,BrandI,952.95,15,102,2025-08-29,3.7
electronics_018,BrandI Keyboard,electronics,BrandI,1179.78,12,43,2025-08-30,4.9
electronics_018,BrandI Keyboard,electronics,BrandI,1102.08,33,71,2025-08-31,4.2
electronics_018,BrandI Keyboard,electronics,BrandI,1188.81,16,39,2025-09-01,3.4
electronics_018,BrandI Keyboard,electronics,BrandI,1024.3,21,48,2025-09-02,3.1
electronics_018,BrandI Keyboard,electronics,BrandI,1046.77,28,96,2025-09-03,4.5
electronics_018,BrandI Keyboard,electronics,BrandI,1008.06,17,63,2025-09-04,3.5
electronics_018,BrandI Keyboard,electronics,BrandI,1101.0,38,171,2025-09-05,3.1
electronics_018,BrandI Keyboard,electronics,BrandI,1156.41,4,20,2025-09-06,3.1
electronics_018,BrandI Keyboard,electronics,BrandI,1113.78,36,188,2025-09-07,3.9
electronics_018,BrandI Keyboard,electronics,BrandI,1038.5,6,28,2025-09-08,3.5
electronics_018,BrandI Keyboard,electronics,BrandI,900.41,16,66,2025-09-09,3.3
electronics_018,BrandI Keyboard,electronics,BrandI,1098.04,25,100,2025-09-10,4.9
electronics_019,BrandJ Speaker,electronics,BrandJ,134.04,52,381,2025-07-13,4.2
electronics_019,BrandJ Speaker,electronics,BrandJ,121.35,15,71,2025-07-14,4.3
electronics_019,BrandJ Speaker,electronics,BrandJ,134.63,18,97,2025-07-15,3.2
electronics_019,BrandJ Speaker,electronics,BrandJ,133.89,31,246,2025-07-16,3.6
electronics_019,BrandJ Speaker,electronics,BrandJ,111.17,24,171,2025-07-17,4.4
electronics_019,BrandJ Speaker,electronics,BrandJ,122.92,45,106,2025-07-18,4.8
electronics_019,BrandJ Speaker,electronics,BrandJ,121.68,21,160,2025-07-19,3.1
electronics_019,BrandJ Speaker,electronics,BrandJ,135.36,20,63,2025-07-20,3.8
electronics_019,BrandJ Speaker,electronics,BrandJ,129.04,36,181,2025-07-21,5.0
electronics_019,BrandJ Speaker,electronics,BrandJ,119.93,16,73,2025-07-22,3.3
electronics_019,BrandJ Speaker,electronics,BrandJ,128.19,25,191,2025-07-23,4.8
electronics_019,BrandJ Speaker,electronics,BrandJ,134.12,30,159,2025-07-24,3.2
electronics_019,BrandJ Speaker,electronics,BrandJ,124.86,13,27,2025-07-25,4.4
electronics_019,BrandJ Speaker,electronics,BrandJ,129.95,26,203,2025-07-26,4.0
electronics_019,BrandJ Speaker,electronics,BrandJ,129.94,35,279,2025-07-27,3.9
electronics_019,BrandJ Speaker,electronics,BrandJ,128.3,12,68,2025-07-28,3.8
electronics_019,BrandJ Speaker,electronics,BrandJ,123.6,15,91,2025-07-29,4.9
electronics_019,BrandJ Speaker,electronics,BrandJ,129.44,6,31,2025-07-30,3.1
electronics_019,BrandJ Speaker,electronics,BrandJ,130.85,36,281,2025-07-31,4.4
electronics_019,BrandJ Speaker,electronics,BrandJ,124.53,11,56,2025-08-01,3.3
electronics_019,BrandJ Speaker,electronics,BrandJ,126.35,48,98,2025-08-02,3.4
electronics_019,BrandJ Speaker,electronics,BrandJ,133.49,21,95,2025-08-03,4.4
electronics_019,BrandJ Speaker,electronics,BrandJ,114.29,26,85,2025-08-04,4.9
electronics_019,BrandJ Speaker,electronics,BrandJ,122.26,4,13,2025-08-05,4.6
electronics_019,BrandJ Speaker,electronics,BrandJ,122.59,8,54,2025-08-06,4.5
electronics_019,BrandJ Speaker,electronics,BrandJ,122.19,40,282,2025-08-07,4.6
electronics_019,BrandJ Speaker,electronics,BrandJ,114.29,42,267,2025-08-08,5.0
electronics_019,BrandJ Speaker,electronics,BrandJ,126.58,12,81,2025-08-09,3.4
electronics_019,BrandJ Speaker,electronics,BrandJ,135.96,26,192,2025-08-10,4.9
electronics_019,BrandJ Speaker,electronics,BrandJ,129.39,33,157,2025-08-11,4.2
electronics_019,BrandJ Speaker,electronics,BrandJ,127.61,42,151,2025-08-12,4.0
electronics_019,BrandJ Speaker,electronics,BrandJ,125.09,22,63,2025-08-13,3.9
electronics_019,BrandJ Speaker,electronics,BrandJ,126.06,17,34,2025-08-14,4.5
electronics_019,BrandJ Speaker,electronics,BrandJ,118.74,9,58,2025-08-15,4.9
electronics_019,BrandJ Speaker,electronics,BrandJ,124.54,10,54,2025-08-16,3.3
electronics_019,BrandJ Speaker,electronics,BrandJ,138.08,23,99,2025-08-17,3.8
electronics_019,BrandJ Speaker,electronics,BrandJ,123.53,8,58,2025-08-18,3.2
electronics_019,BrandJ Speaker,electronics,BrandJ,127.25,17,71,2025-08-19,4.1
electronics_019,BrandJ Speaker,electronics,BrandJ,121.99,35,156,2025-08-20,3.9
electronics_019,BrandJ Speaker,electronics,BrandJ,122.88,23,98,2025-08-21,4.7
electronics_019,BrandJ Speaker,electronics,BrandJ,118.96,11,38,2025-08-22,4.8
electronics_019,BrandJ Speaker,electronics,BrandJ,135.75,46,193,2025-08-23,4.6
electronics_019,BrandJ Speaker,electronics,BrandJ,122.89,10,52,2025-08-24,4.9
electronics_019,BrandJ Speaker,electronics,BrandJ,129.15,35,122,2025-08-25,3.1
electronics_019,BrandJ Speaker,electronics,BrandJ,126.17,12,50,2025-08-26,4.0
electronics_019,BrandJ Speaker,electronics,BrandJ,120.68,24,117,2025-08-27,4.1
electronics_019,BrandJ Speaker,electronics,BrandJ,121.61,43,264,2025-08-28,4.1
electronics_019,BrandJ Speaker,electronics,BrandJ,119.66,14,83,2025-08-29,4.0
electronics_019,BrandJ Speaker,electronics,BrandJ,120.53,55,303,2025-08-30,3.2
electronics_019,BrandJ Speaker,electronics,BrandJ,139.43,37,183,2025-08-31,4.8
electronics_019,BrandJ Speaker,electronics,BrandJ,120.52,30,221,2025-09-01,4.4
electronics_019,BrandJ Speaker,electronics,BrandJ,121.78,14,48,2025-09-02,3.8
electronics_019,BrandJ Speaker,electronics,BrandJ,119.14,8,30,2025-09-03,4.1
electronics_019,BrandJ Speaker,electronics,BrandJ,111.8,32,235,2025-09-04,4.5
electronics_019,BrandJ Speaker,electronics,BrandJ,131.88,9,25,2025-09-05,3.7
electronics_019,BrandJ Speaker,electronics,BrandJ,125.56,8,22,2025-09-06,4.7
electronics_019,BrandJ Speaker,electronics,BrandJ,120.93,33,170,2025-09-07,4.3
electronics_019,BrandJ Speaker,electronics,BrandJ,127.59,17,104,2025-09-08,3.0
electronics_019,BrandJ Speaker,electronics,BrandJ,115.0,21,51,2025-09-09,4.6
electronics_019,BrandJ Speaker,electronics,BrandJ,128.62,31,166,2025-09-10,4.5
electronics_020,BrandA Tablet,electronics,BrandA,706.53,20,42,2025-07-13,3.0
electronics_020,BrandA Tablet,electronics,BrandA,716.75,25,169,2025-07-14,3.5
electronics_020,BrandA Tablet,electronics,BrandA,705.27,14,69,2025-07-15,3.9
electronics_020,BrandA Tablet,electronics,BrandA,718.66,4,11,2025-07-16,4.4
electronics_020,BrandA Tablet,electronics,BrandA,727.39,17,124,2025-07-17,4.8
electronics_020,BrandA Tablet,electronics,BrandA,787.27,5,26,2025-07-18,4.7
electronics_020,BrandA Tablet,electronics,BrandA,758.58,4,17,2025-07-19,3.3
electronics_020,BrandA Tablet,electronics,BrandA,811.61,12,87,2025-07-20,3.9
electronics_020,BrandA Tablet,electronics,BrandA,750.13,29,169,2025-07-21,4.7
electronics_020,BrandA Tablet,electronics,BrandA,755.49,21,136,2025-07-22,5.0
electronics_020,BrandA Tablet,electronics,BrandA,713.03,25,138,2025-07-23,3.3
electronics_020,BrandA Tablet,electronics,BrandA,707.65,26,145,2025-07-24,3.1
electronics_020,BrandA Tablet,electronics,BrandA,736.39,27,138,2025-07-25,4.2
electronics_020,BrandA Tablet,electronics,BrandA,730.94,18,123,2025-07-26,3.1
electronics_020,BrandA Tablet,electronics,BrandA,811.63,10,20,2025-07-27,3.6
electronics_020,BrandA Tablet,electronics,BrandA,695.24,21,111,2025-07-28,4.2
electronics_020,BrandA Tablet,electronics,BrandA,709.27,23,175,2025-07-29,4.7
electronics_020,BrandA Tablet,electronics,BrandA,659.88,21,57,2025-07-30,3.2
electronics_020,BrandA Tablet,electronics,BrandA,693.35,16,127,2025-07-31,3.4
electronics_020,BrandA Tablet,electronics,BrandA,804.45,21,109,2025-08-01,4.6
electronics_020,BrandA Tablet,electronics,BrandA,774.24,13,33,2025-08-02,3.1
electronics_020,BrandA Tablet,electronics,BrandA,804.21,25,58,2025-08-03,4.1
electronics_020,BrandA Tablet,electronics,BrandA,740.31,38,258,2025-08-04,4.9
electronics_020,BrandA Tablet,electronics,BrandA,763.02,14,33,2025-08-05,4.0
electronics_020,BrandA Tablet,electronics,BrandA,763.37,16,63,2025-08-06,4.9
electronics_020,BrandA Tablet,electronics,BrandA,686.74,5,30,2025-08-07,3.6
electronics_020,BrandA Tablet,electronics,BrandA,799.18,39,252,2025-08-08,4.0
electronics_020,BrandA Tablet,electronics,BrandA,800.35,13,65,2025-08-09,3.8
electronics_020,BrandA Tablet,electronics,BrandA,756.75,22,135,2025-08-10,4.2
electronics_020,BrandA Tablet,electronics,BrandA,735.56,25,198,2025-08-11,4.3
electronics_020,BrandA Tablet,electronics,BrandA,686.84,32,220,2025-08-12,3.5
electronics_020,BrandA Tablet,electronics,BrandA,758.95,12,46,2025-08-13,3.3
electronics_020,BrandA Tablet,electronics,BrandA,716.31,21,84,2025-08-14,3.7
electronics_020,BrandA Tablet,electronics,BrandA,727.9,6,29,2025-08-15,4.4
electronics_020,BrandA Tablet,electronics,BrandA,767.29,29,58,2025-08-16,4.9
electronics_020,BrandA Tablet,electronics,BrandA,844.31,21,102,2025-08-17,4.7
electronics_020,BrandA Tablet,electronics,BrandA,730.83,10,26,2025-08-18,4.6
electronics_020,BrandA Tablet,electronics,BrandA,669.78,46,329,2025-08-19,4.3
electronics_020,BrandA Tablet,electronics,BrandA,763.57,19,69,2025-08-20,4.6
electronics_020,BrandA Tablet,electronics,BrandA,764.42,6,14,2025-08-21,4.9
electronics_020,BrandA Tablet,electronics,BrandA,688.48,42,253,2025-08-22,4.1
electronics_020,BrandA Tablet,electronics,BrandA,758.19,36,261,2025-08-23,4.1
electronics_020,BrandA Tablet,electronics,BrandA,721.06,19,120,2025-08-24,4.7
electronics_020,BrandA Tablet,electronics,BrandA,740.89,14,32,2025-08-25,3.9
electronics_020,BrandA Tablet,electronics,BrandA,738.26,16,104,2025-08-26,3.6
electronics_020,BrandA Tablet,electronics,BrandA,770.49,6,14,2025-08-27,3.6
electronics_020,BrandA Tablet,electronics,BrandA,709.77,43,110,2025-08-28,3.9
electronics_020,BrandA Tablet,electronics,BrandA,746.06,22,82,2025-08-29,3.8
electronics_020,BrandA Tablet,electronics,BrandA,689.34,41,311,2025-08-30,4.7
electronics_020,BrandA Tablet,electronics,BrandA,830.03,31,220,2025-08-31,3.8
electronics_020,BrandA Tablet,electronics,BrandA,804.81,41,153,2025-09-01,3.3
electronics_020,BrandA Tablet,electronics,BrandA,677.93,6,36,2025-09-02,4.0
electronics_020,BrandA Tablet,electronics,BrandA,701.74,20,96,2025-09-03,4.8
electronics_020,BrandA Tablet,electronics,BrandA,771.99,31,126,2025-09-04,4.4
electronics_020,BrandA Tablet,electronics,BrandA,695.37,16,110,2025-09-05,3.5
electronics_020,BrandA Tablet,electronics,BrandA,724.23,23,141,2025-09-06,3.8
electronics_020,BrandA Tablet,electronics,BrandA,802.28,7,42,2025-09-07,3.5
electronics_020,BrandA Tablet,electronics,BrandA,792.88,5,11,2025-09-08,4.8
electronics_020,BrandA Tablet,electronics,BrandA,762.92,12,85,2025-09-09,4.4
electronics_020,BrandA Tablet,electronics,BrandA,707.52,30,171,2025-09-10,3.0
electronics_021,BrandB Tablet,electronics,BrandB,1420.78,13,60,2025-07-13,4.7
electronics_021,BrandB Tablet,electronics,BrandB,1298.43,13,77,2025-07-14,4.6
electronics_021,BrandB Tablet,electronics,BrandB,1433.81,5,37,2025-07-15,3.8
electronics_021,BrandB Tablet,electronics,BrandB,1318.79,21,108,2025-07-16,4.9
electronics_021,BrandB Tablet,electronics,BrandB,1198.91,2,13,2025-07-17,3.5
electronics_021,BrandB Tablet,electronics,BrandB,1325.21,27,180,2025-07-18,3.3
electronics_021,BrandB Tablet,electronics,BrandB,1348.15,18,52,2025-07-19,3.4
electronics_021,BrandB Tablet,electronics,BrandB,1310.93,13,31,2025-07-20,4.0
electronics_021,BrandB Tablet,electronics,BrandB,1343.13,16,85,2025-07-21,4.5
electronics_021,BrandB Tablet,electronics,BrandB,1401.89,13,63,2025-07-22,4.3
electronics_021,BrandB Tablet,electronics,BrandB,1220.46,7,17,2025-07-23,4.8
electronics_021,BrandB Tablet,electronics,BrandB,1272.19,15,83,2025-07-24,4.7
electronics_021,BrandB Tablet,electronics,BrandB,1225.63,6,13,2025-07-25,3.5
electronics_021,BrandB Tablet,electronics,BrandB,1362.65,29,217,2025-07-26,3.8
electronics_021,BrandB Tablet,electronics,BrandB,1382.27,21,143,2025-07-27,3.1
electronics_021,BrandB Tablet,electronics,BrandB,1367.6,41,112,2025-07-28,4.1
electronics_021,BrandB Tablet,electronics,BrandB,1307.55,21,50,2025-07-29,3.6
electronics_021,BrandB Tablet,electronics,BrandB,1349.43,11,52,2025-07-30,4.3
electronics_021,BrandB Tablet,electronics,BrandB,1319.69,19,136,2025-07-31,4.3
electronics_021,BrandB Tablet,electronics,BrandB,1268.34,35,97,2025-08-01,4.5
electronics_021,BrandB Tablet,electronics,BrandB,1390.9,23,150,2025-08-02,3.4
electronics_021,BrandB Tablet,electronics,BrandB,1517.81,19,49,2025-08-03,4.9
electronics_021,BrandB Tablet,electronics,BrandB,1301.51,31,158,2025-08-04,3.9
electronics_021,BrandB Tablet,electronics,BrandB,1374.42,16,71,2025-08-05,4.3
electronics_021,BrandB Tablet,electronics,BrandB,1395.46,5,35,2025-08-06,3.9
electronics_021,BrandB Tablet,electronics,BrandB,1263.96,15,109,2025-08-07,3.8
electronics_021,BrandB Tablet,electronics,BrandB,1296.69,18,143,2025-08-08,4.5
electronics_021,BrandB Tablet,electronics,BrandB,1377.58,7,31,2025-08-09,4.6
electronics_021,BrandB Tablet,electronics,BrandB,1327.99,35,194,2025-08-10,3.8
electronics_021,BrandB Tablet,electronics,BrandB,1491.67,19,93,2025-08-11,4.0
electronics_021,BrandB Tablet,electronics,BrandB,1353.53,17,47,2025-08-12,4.5
electronics_021,BrandB Tablet,electronics,BrandB,1258.87,18,48,2025-08-13,4.9
electronics_021,BrandB Tablet,electronics,BrandB,1284.16,13,55,2025-08-14,4.6
electronics_021,BrandB Tablet,electronics,BrandB,1237.48,11,55,2025-08-15,3.3
electronics_021,BrandB Tablet,electronics,BrandB,1456.69,33,251,2025-08-16,4.8
electronics_021,BrandB Tablet,electronics,BrandB,1350.09,25,195,2025-08-17,4.7
electronics_021,BrandB Tablet,electronics,BrandB,1312.13,16,36,2025-08-18,4.1
electronics_021,BrandB Tablet,electronics,BrandB,1299.91,12,86,2025-08-19,4.3
electronics_021,BrandB Tablet,electronics,BrandB,1409.5,28,76,2025-08-20,4.1
electronics_021,BrandB Tablet,electronics,BrandB,1380.91,8,54,2025-08-21,4.7
electronics_021,BrandB Tablet,electronics,BrandB,1308.39,33,129,2025-08-22,4.1
electronics_021,BrandB Tablet,electronics,BrandB,1347.8,14,43,2025-08-23,4.3
electronics_021,BrandB Tablet,electronics,BrandB,1355.48,7,27,2025-08-24,4.9
electronics_021,BrandB Tablet,electronics,BrandB,1313.3,16,116,2025-08-25,3.6
electronics_021,BrandB Tablet,electronics,BrandB,1337.45,20,108,2025-08-26,3.1
electronics_021,BrandB Tablet,electronics,BrandB,1345.92,7,35,2025-08-27,4.1
electronics_021,BrandB Tablet,electronics,BrandB,1330.87,28,177,2025-08-28,3.2
electronics_021,BrandB Tablet,electronics,BrandB,1321.87,6,47,2025-08-29,3.3
electronics_021,BrandB Tablet,electronics,BrandB,1223.88,22,61,2025-08-30,3.9
electronics_021,BrandB Tablet,electronics,BrandB,1415.59,4,29,2025-08-31,4.7
electronics_021,BrandB Tablet,electronics,BrandB,1388.33,3,23,2025-09-01,4.1
electronics_021,BrandB Tablet,electronics,BrandB,1256.84,3,23,2025-09-02,3.1
electronics_021,BrandB Tablet,electronics,BrandB,1273.81,45,156,2025-09-03,4.1
electronics_021,BrandB Tablet,electronics,BrandB,1450.56,4,12,2025-09-04,3.4
electronics_021,BrandB Tablet,electronics,BrandB,1270.1,23,75,2025-09-05,4.7
electronics_021,BrandB Tablet,electronics,BrandB,1379.05,15,51,2025-09-06,3.1
electronics_021,BrandB Tablet,electronics,BrandB,1434.4,13,99,2025-09-07,3.8
electronics_021,BrandB Tablet,electronics,BrandB,1315.86,26,93,2025-09-08,3.9
electronics_021,BrandB Tablet,electronics,BrandB,1448.03,28,111,2025-09-09,3.1
electronics_021,BrandB Tablet,electronics,BrandB,1532.23,7,45,2025-09-10,5.0
electronics_022,BrandC Smartwatch,electronics,BrandC,451.27,25,131,2025-07-13,4.7
electronics_022,BrandC Smartwatch,electronics,BrandC,375.63,23,125,2025-07-14,3.4
electronics_022,BrandC Smartwatch,electronics,BrandC,432.02,34,88,2025-07-15,4.2
electronics_022,BrandC Smartwatch,electronics,BrandC,372.78,32,81,2025-07-16,3.9
electronics_022,BrandC Smartwatch,electronics,BrandC,465.5,19,48,2025-07-17,5.0
electronics_022,BrandC Smartwatch,electronics,BrandC,412.71,20,42,2025-07-18,4.6
electronics_022,BrandC Smartwatch,electronics,BrandC,404.72,7,20,2025-07-19,4.8
electronics_022,BrandC Smartwatch,electronics,BrandC,419.09,8,49,2025-07-20,4.1
electronics_022,BrandC Smartwatch,electronics,BrandC,388.36,10,60,2025-07-21,4.9
electronics_022,BrandC Smartwatch,electronics,BrandC,433.45,16,74,2025-07-22,3.5
electronics_022,BrandC Smartwatch,electronics,BrandC,424.38,33,126,2025-07-23,3.4
electronics_022,BrandC Smartwatch,electronics,BrandC,430.95,11,67,2025-07-24,3.8
electronics_022,BrandC Smartwatch,electronics,BrandC,406.1,9,23,2025-07-25,3.6
electronics_022,BrandC Smartwatch,electronics,BrandC,470.05,19,90,2025-07-26,3.4
electronics_022,BrandC Smartwatch,electronics,BrandC,439.6,14,51,2025-07-27,3.3
electronics_022,BrandC Smartwatch,electronics,BrandC,411.87,10,58,2025-07-28,3.7
electronics_022,BrandC Smartwatch,electronics,BrandC,436.27,20,118,2025-07-29,3.2
electronics_022,BrandC Smartwatch,electronics,BrandC,373.47,19,106,2025-07-30,4.7
electronics_022,BrandC Smartwatch,electronics,BrandC,395.46,13,63,2025-07-31,3.7
electronics_022,BrandC Smartwatch,electronics,BrandC,420.72,22,94,2025-08-01,4.7
electronics_022,BrandC Smartwatch,electronics,BrandC,468.9,23,158,2025-08-02,3.1
electronics_022,BrandC Smartwatch,electronics,BrandC,443.86,25,124,2025-08-03,4.3
electronics_022,BrandC Smartwatch,electronics,BrandC,382.46,8,37,2025-08-04,4.0
electronics_022,BrandC Smartwatch,electronics,BrandC,461.97,17,132,2025-08-05,4.2
electronics_022,BrandC Smartwatch,electronics,BrandC,423.08,21,84,2025-08-06,4.1
electronics_022,BrandC Smartwatch,electronics,BrandC,439.7,20,139,2025-08-07,3.3
electronics_022,BrandC Smartwatch,electronics,BrandC,429.21,33,148,2025-08-08,3.7
electronics_022,BrandC Smartwatch,electronics,BrandC,457.65,39,310,2025-08-09,3.0
electronics_022,BrandC Smartwatch,electronics,BrandC,448.55,30,111,2025-08-10,3.5
electronics_022,BrandC Smartwatch,electronics,BrandC,427.9,14,89,2025-08-11,3.7
electronics_022,BrandC Smartwatch,electronics,BrandC,455.15,36,210,2025-08-12,3.5
electronics_022,BrandC Smartwatch,electronics,BrandC,425.69,26,161,2025-08-13,4.6
electronics_022,BrandC Smartwatch,electronics,BrandC,401.81,13,40,2025-08-14,3.1
electronics_022,BrandC Smartwatch,electronics,BrandC,428.64,11,25,2025-08-15,4.6
electronics_022,BrandC Smartwatch,electronics,BrandC,458.31,29,222,2025-08-16,3.8
electronics_022,BrandC Smartwatch,electronics,BrandC,433.37,42,197,2025-08-17,3.4
electronics_022,BrandC Smartwatch,electronics,BrandC,496.04,43,275,2025-08-18,4.3
electronics_022,BrandC Smartwatch,electronics,BrandC,433.01,21,154,2025-08-19,4.8
electronics_022,BrandC Smartwatch,electronics,BrandC,423.31,24,69,2025-08-20,4.5
electronics_022,BrandC Smartwatch,electronics,BrandC,461.58,46,286,2025-08-21,4.3
electronics_022,BrandC Smartwatch,electronics,BrandC,427.72,25,112,2025-08-22,4.5
electronics_022,BrandC Smartwatch,electronics,BrandC,425.73,12,84,2025-08-23,4.4
electronics_022,BrandC Smartwatch,electronics,BrandC,463.43,8,43,2025-08-24,4.8
electronics_022,BrandC Smartwatch,electronics,BrandC,450.7,9,51,2025-08-25,3.7
electronics_022,BrandC Smartwatch,electronics,BrandC,411.24,9,66,2025-08-26,3.8
electronics_022,BrandC Smartwatch,electronics,BrandC,418.69,12,77,2025-08-27,4.9
electronics_022,BrandC Smartwatch,electronics,BrandC,449.55,26,76,2025-08-28,4.4
electronics_022,BrandC Smartwatch,electronics,BrandC,472.98,41,190,2025-08-29,4.8
electronics_022,BrandC Smartwatch,electronics,BrandC,441.41,38,150,2025-08-30,5.0
electronics_022,BrandC Smartwatch,electronics,BrandC,436.14,18,103,2025-08-31,3.1
electronics_022,BrandC Smartwatch,electronics,BrandC,424.72,16,74,2025-09-01,3.5
electronics_022,BrandC Smartwatch,electronics,BrandC,436.58,20,64,2025-09-02,3.6
electronics_022,BrandC Smartwatch,electronics,BrandC,410.15,10,24,2025-09-03,4.6
electronics_022,BrandC Smartwatch,electronics,BrandC,443.48,38,228,2025-09-04,4.0
electronics_022,BrandC Smartwatch,electronics,BrandC,417.96,30,200,2025-09-05,4.0
electronics_022,BrandC Smartwatch,electronics,BrandC,413.83,25,153,2025-09-06,4.7
electronics_022,BrandC Smartwatch,electronics,BrandC,468.76,23,167,2025-09-07,4.1
electronics_022,BrandC Smartwatch,electronics,BrandC,483.05,38,295,2025-09-08,3.1
electronics_022,BrandC Smartwatch,electronics,BrandC,476.08,26,66,2025-09-09,4.5
electronics_022,BrandC Smartwatch,electronics,BrandC,407.52,20,140,2025-09-10,3.1
electronics_023,BrandD Speaker,electronics,BrandD,335.89,11,52,2025-07-13,4.7
electronics_023,BrandD Speaker,electronics,BrandD,314.78,37,96,2025-07-14,3.1
electronics_023,BrandD Speaker,electronics,BrandD,348.93,41,165,2025-07-15,3.0
electronics_023,BrandD Speaker,electronics,BrandD,313.68,8,31,2025-07-16,3.9
electronics_023,BrandD Speaker,electronics,BrandD,329.3,4,11,2025-07-17,4.4
electronics_023,BrandD Speaker,electronics,BrandD,325.53,5,22,2025-07-18,3.4
electronics_023,BrandD Speaker,electronics,BrandD,335.15,35,81,2025-07-19,3.8
electronics_023,BrandD Speaker,electronics,BrandD,327.13,52,160,2025-07-20,4.9
electronics_023,BrandD Speaker,electronics,BrandD,293.88,32,172,2025-07-21,4.0
electronics_023,BrandD Speaker,electronics,BrandD,328.7,15,90,2025-07-22,3.3
electronics_023,BrandD Speaker,electronics,BrandD,304.1,3,10,2025-07-23,4.8
electronics_023,BrandD Speaker,electronics,BrandD,316.92,30,220,2025-07-24,4.0
electronics_023,BrandD Speaker,electronics,BrandD,350.07,50,280,2025-07-25,4.1
electronics_023,BrandD Speaker,electronics,BrandD,343.65,41,323,2025-07-26,4.1
electronics_023,BrandD Speaker,electronics,BrandD,340.91,34,137,2025-07-27,3.9
electronics_023,BrandD Speaker,electronics,BrandD,312.36,50,168,2025-07-28,4.5
electronics_023,BrandD Speaker,electronics,BrandD,341.33,26,197,2025-07-29,4.3
electronics_023,BrandD Speaker,electronics,BrandD,334.17,12,45,2025-07-30,3.8
electronics_023,BrandD Speaker,electronics,BrandD,319.46,40,174,2025-07-31,3.5
electronics_023,BrandD Speaker,electronics,BrandD,321.36,48,154,2025-08-01,3.3
electronics_023,BrandD Speaker,electronics,BrandD,339.5,14,50,2025-08-02,4.6
electronics_023,BrandD Speaker,electronics,BrandD,364.58,15,64,2025-08-03,5.0
electronics_023,BrandD Speaker,electronics,BrandD,320.14,26,89,2025-08-04,3.8
electronics_023,BrandD Speaker,electronics,BrandD,313.1,35,146,2025-08-05,4.2
electronics_023,BrandD Speaker,electronics,BrandD,343.85,9,52,2025-08-06,4.9
electronics_023,BrandD Speaker,electronics,BrandD,348.53,29,206,2025-08-07,4.9
electronics_023,BrandD Speaker,electronics,BrandD,315.21,15,66,2025-08-08,3.3
electronics_023,BrandD Speaker,electronics,BrandD,366.36,14,104,2025-08-09,4.7
electronics_023,BrandD Speaker,electronics,BrandD,292.34,12,76,2025-08-10,3.3
electronics_023,BrandD Speaker,electronics,BrandD,334.05,15,107,2025-08-11,3.1
electronics_023,BrandD Speaker,electronics,BrandD,298.62,45,228,2025-08-12,3.3
electronics_023,BrandD Speaker,electronics,BrandD,288.27,42,306,2025-08-13,3.8
electronics_023,BrandD Speaker,electronics,BrandD,288.81,26,80,2025-08-14,3.9
electronics_023,BrandD Speaker,electronics,BrandD,341.8,39,154,2025-08-15,4.2
electronics_023,BrandD Speaker,electronics,BrandD,308.54,19,85,2025-08-16,4.5
electronics_023,BrandD Speaker,electronics,BrandD,332.95,23,114,2025-08-17,4.5
electronics_023,BrandD Speaker,electronics,BrandD,328.57,24,130,2025-08-18,4.7
electronics_023,BrandD Speaker,electronics,BrandD,313.71,33,161,2025-08-19,4.8
electronics_023,BrandD Speaker,electronics,BrandD,318.66,23,102,2025-08-20,3.6
electronics_023,BrandD Speaker,electronics,BrandD,330.86,28,63,2025-08-21,3.6
electronics_023,BrandD Speaker,electronics,BrandD,334.05,7,47,2025-08-22,4.3
electronics_023,BrandD Speaker,electronics,BrandD,324.71,43,243,2025-08-23,4.5
electronics_023,BrandD Speaker,electronics,BrandD,310.88,15,39,2025-08-24,3.9
electronics_023,BrandD Speaker,electronics,BrandD,300.8,24,63,2025-08-25,4.3
electronics_023,BrandD Speaker,electronics,BrandD,304.67,56,124,2025-08-26,3.9
electronics_023,BrandD Speaker,electronics,BrandD,314.38,39,285,2025-08-27,3.1
electronics_023,BrandD Speaker,electronics,BrandD,351.37,15,43,2025-08-28,4.8
electronics_023,BrandD Speaker,electronics,BrandD,329.67,23,69,2025-08-29,3.2
electronics_023,BrandD Speaker,electronics,BrandD,348.97,44,329,2025-08-30,4.8
electronics_023,BrandD Speaker,electronics,BrandD,340.3,20,157,2025-08-31,4.8
electronics_023,BrandD Speaker,electronics,BrandD,333.93,57,194,2025-09-01,3.2
electronics_023,BrandD Speaker,electronics,BrandD,302.1,3,10,2025-09-02,4.6
electronics_023,BrandD Speaker,electronics,BrandD,342.12,26,100,2025-09-03,4.0
electronics_023,BrandD Speaker,electronics,BrandD,334.41,15,89,2025-09-04,3.3
electronics_023,BrandD Speaker,electronics,BrandD,328.72,31,166,2025-09-05,4.9
electronics_023,BrandD Speaker,electronics,BrandD,310.02,19,118,2025-09-06,4.5
electronics_023,BrandD Speaker,electronics,BrandD,315.7,34,88,2025-09-07,3.8
electronics_023,BrandD Speaker,electronics,BrandD,323.89,6,36,2025-09-08,4.7
electronics_023,BrandD Speaker,electronics,BrandD,328.18,10,38,2025-09-09,4.6
electronics_023,BrandD Speaker,electronics,BrandD,334.73,10,34,2025-09-10,3.7
electronics_024,BrandE Smartwatch,electronics,BrandE,846.59,24,80,2025-07-13,4.0
electronics_024,BrandE Smartwatch,electronics,BrandE,810.61,33,114,2025-07-14,3.2
electronics_024,BrandE Smartwatch,electronics,BrandE,828.6,14,99,2025-07-15,3.7
electronics_024,BrandE Smartwatch,electronics,BrandE,815.1,10,62,2025-07-16,3.1
electronics_024,BrandE Smartwatch,electronics,BrandE,827.37,37,227,2025-07-17,4.6
electronics_024,BrandE Smartwatch,electronics,BrandE,763.13,10,48,2025-07-18,4.1
electronics_024,BrandE Smartwatch,electronics,BrandE,809.93,44,132,2025-07-19,4.9
electronics_024,BrandE Smartwatch,electronics,BrandE,866.93,14,65,2025-07-20,4.1
electronics_024,BrandE Smartwatch,electronics,BrandE,749.19,21,128,2025-07-21,4.7
electronics_024,BrandE Smartwatch,electronics,BrandE,860.02,17,71,2025-07-22,4.0
electronics_024,BrandE Smartwatch,electronics,BrandE,798.57,10,26,2025-07-23,4.4
electronics_024,BrandE Smartwatch,electronics,BrandE,850.3,30,69,2025-07-24,4.8
electronics_024,BrandE Smartwatch,electronics,BrandE,826.17,30,235,2025-07-25,4.1
electronics_024,BrandE Smartwatch,electronics,BrandE,856.59,18,124,2025-07-26,5.0
electronics_024,BrandE Smartwatch,electronics,BrandE,845.59,31,174,2025-07-27,3.4
electronics_024,BrandE Smartwatch,electronics,BrandE,905.83,30,149,2025-07-28,3.6
electronics_024,BrandE Smartwatch,electronics,BrandE,765.86,26,89,2025-07-29,3.3
electronics_024,BrandE Smartwatch,electronics,BrandE,755.5,28,75,2025-07-30,4.3
electronics_024,BrandE Smartwatch,electronics,BrandE,817.92,35,197,2025-07-31,4.9
electronics_024,BrandE Smartwatch,electronics,BrandE,896.51,4,17,2025-08-01,4.9
electronics_024,BrandE Smartwatch,electronics,BrandE,790.79,8,49,2025-08-02,4.3
electronics_024,BrandE Smartwatch,electronics,BrandE,888.48,4,15,2025-08-03,4.8
electronics_024,BrandE Smartwatch,electronics,BrandE,785.12,19,131,2025-08-04,3.2
electronics_024,BrandE Smartwatch,electronics,BrandE,857.81,14,61,2025-08-05,4.6
electronics_024,BrandE Smartwatch,electronics,BrandE,806.74,8,33,2025-08-06,3.1
electronics_024,BrandE Smartwatch,electronics,BrandE,806.73,15,103,2025-08-07,4.6
electronics_024,BrandE Smartwatch,electronics,BrandE,752.69,26,96,2025-08-08,3.5
electronics_024,BrandE Smartwatch,electronics,BrandE,848.8,33,168,2025-08-09,3.7
electronics_024,BrandE Smartwatch,electronics,BrandE,855.89,19,61,2025-08-10,3.8
electronics_024,BrandE Smartwatch,electronics,BrandE,881.99,10,54,2025-08-11,3.1
electronics_024,BrandE Smartwatch,electronics,BrandE,817.28,28,119,2025-08-12,4.3
electronics_024,BrandE Smartwatch,electronics,BrandE,809.49,5,19,2025-08-13,3.3
electronics_024,BrandE Smartwatch,electronics,BrandE,856.04,3,16,2025-08-14,3.8
electronics_024,BrandE Smartwatch,electronics,BrandE,955.14,15,56,2025-08-15,4.5
electronics_024,BrandE Smartwatch,electronics,BrandE,857.12,7,51,2025-08-16,3.7
electronics_024,BrandE Smartwatch,electronics,BrandE,779.73,9,49,2025-08-17,4.1
electronics_024,BrandE Smartwatch,electronics,BrandE,823.78,23,127,2025-08-18,3.2
electronics_024,BrandE Smartwatch,electronics,BrandE,910.91,34,196,2025-08-19,3.3
electronics_024,BrandE Smartwatch,electronics,BrandE,875.88,5,22,2025-08-20,3.7
electronics_024,BrandE Smartwatch,electronics,BrandE,786.5,29,216,2025-08-21,4.6
electronics_024,BrandE Smartwatch,electronics,BrandE,878.78,12,94,2025-08-22,4.2
electronics_024,BrandE Smartwatch,electronics,BrandE,891.66,4,27,2025-08-23,3.0
electronics_024,BrandE Smartwatch,electronics,BrandE,815.48,33,203,2025-08-24,3.7
electronics_024,BrandE Smartwatch,electronics,BrandE,858.56,45,227,2025-08-25,3.8
electronics_024,BrandE Smartwatch,electronics,BrandE,818.67,15,117,2025-08-26,4.7
electronics_024,BrandE Smartwatch,electronics,BrandE,871.56,22,102,2025-08-27,3.0
electronics_024,BrandE Smartwatch,electronics,BrandE,834.31,32,197,2025-08-28,3.1
electronics_024,BrandE Smartwatch,electronics,BrandE,858.02,29,165,2025-08-29,4.3
electronics_024,BrandE Smartwatch,electronics,BrandE,838.34,34,111,2025-08-30,3.1
electronics_024,BrandE Smartwatch,electronics,BrandE,845.0,14,63,2025-08-31,4.0
electronics_024,BrandE Smartwatch,electronics,BrandE,759.02,4,22,2025-09-01,3.8
electronics_024,BrandE Smartwatch,electronics,BrandE,864.92,28,200,2025-09-02,4.0
electronics_024,BrandE Smartwatch,electronics,BrandE,850.37,9,41,2025-09-03,3.1
electronics_024,BrandE Smartwatch,electronics,BrandE,827.53,37,265,2025-09-04,3.9
electronics_024,BrandE Smartwatch,electronics,BrandE,862.62,41,188,2025-09-05,4.6
electronics_024,BrandE Smartwatch,electronics,BrandE,897.1,20,95,2025-09-06,4.6
electronics_024,BrandE Smartwatch,electronics,BrandE,876.78,12,57,2025-09-07,4.9
electronics_024,BrandE Smartwatch,electronics,BrandE,864.47,5,24,2025-09-08,4.3
electronics_024,BrandE Smartwatch,electronics,BrandE,840.23,13,50,2025-09-09,3.6
electronics_024,BrandE Smartwatch,electronics,BrandE,805.75,9,61,2025-09-10,3.3
electronics_025,BrandF Headphones,electronics,BrandF,76.69,40,312,2025-07-13,4.7
electronics_025,BrandF Headphones,electronics,BrandF,66.28,25,153,2025-07-14,4.2
electronics_025,BrandF Headphones,electronics,BrandF,62.01,26,95,2025-07-15,4.0
electronics_025,BrandF Headphones,electronics,BrandF,67.17,15,82,2025-07-16,3.1
electronics_025,BrandF Headphones,electronics,BrandF,69.59,43,267,2025-07-17,3.6
electronics_025,BrandF Headphones,electronics,BrandF,70.87,38,297,2025-07-18,4.5
electronics_025,BrandF Headphones,electronics,BrandF,65.04,20,136,2025-07-19,3.7
electronics_025,BrandF Headphones,electronics,BrandF,74.6,38,157,2025-07-20,4.7
electronics_025,BrandF Headphones,electronics,BrandF,67.91,9,18,2025-07-21,4.0
electronics_025,BrandF Headphones,electronics,BrandF,71.35,55,402,2025-07-22,3.6
electronics_025,BrandF Headphones,electronics,BrandF,70.57,18,87,2025-07-23,4.3
electronics_025,BrandF Headphones,electronics,BrandF,68.18,46,166,2025-07-24,4.4
electronics_025,BrandF Headphones,electronics,BrandF,59.28,13,52,2025-07-25,4.5
electronics_025,BrandF Headphones,electronics,BrandF,69.7,40,92,2025-07-26,4.1
electronics_025,BrandF Headphones,electronics,BrandF,73.55,11,87,2025-07-27,3.6
electronics_025,BrandF Headphones,electronics,BrandF,65.93,36,209,2025-07-28,4.5
electronics_025,BrandF Headphones,electronics,BrandF,65.96,48,154,2025-07-29,4.5
electronics_025,BrandF Headphones,electronics,BrandF,72.6,33,192,2025-07-30,4.9
electronics_025,BrandF Headphones,electronics,BrandF,67.71,28,217,2025-07-31,3.2
electronics_025,BrandF Headphones,electronics,BrandF,72.07,35,234,2025-08-01,3.3
electronics_025,BrandF Headphones,electronics,BrandF,70.78,5,22,2025-08-02,3.6
electronics_025,BrandF Headphones,electronics,BrandF,71.89,47,338,2025-08-03,3.6
electronics_025,BrandF Headphones,electronics,BrandF,65.93,7,14,2025-08-04,4.7
electronics_025,BrandF Headphones,electronics,BrandF,76.24,56,335,2025-08-05,4.4
electronics_025,BrandF Headphones,electronics,BrandF,67.61,22,171,2025-08-06,4.8
electronics_025,BrandF Headphones,electronics,BrandF,68.33,52,119,2025-08-07,3.3
electronics_025,BrandF Headphones,electronics,BrandF,67.02,8,33,2025-08-08,3.3
electronics_025,BrandF Headphones,electronics,BrandF,76.69,34,89,2025-08-09,4.0
electronics_025,BrandF Headphones,electronics,BrandF,72.58,31,177,2025-08-10,4.9
electronics_025,BrandF Headphones,electronics,BrandF,68.0,19,103,2025-08-11,3.3
electronics_025,BrandF Headphones,electronics,BrandF,66.82,39,249,2025-08-12,4.3
electronics_025,BrandF Headphones,electronics,BrandF,67.97,45,250,2025-08-13,3.7
electronics_025,BrandF Headphones,electronics,BrandF,70.55,47,126,2025-08-14,4.9
electronics_025,BrandF Headphones,electronics,BrandF,68.36,8,24,2025-08-15,5.0
electronics_025,BrandF Headphones,electronics,BrandF,64.66,21,74,2025-08-16,4.3
electronics_025,BrandF Headphones,electronics,BrandF,73.23,34,229,2025-08-17,3.6
electronics_025,BrandF Headphones,electronics,BrandF,68.69,15,48,2025-08-18,4.9
electronics_025,BrandF Headphones,electronics,BrandF,64.31,13,47,2025-08-19,5.0
electronics_025,BrandF Headphones,electronics,BrandF,65.68,26,97,2025-08-20,3.4
electronics_025,BrandF Headphones,electronics,BrandF,67.08,8,16,2025-08-21,4.6
electronics_025,BrandF Headphones,electronics,BrandF,70.07,36,188,2025-08-22,3.6
electronics_025,BrandF Headphones,electronics,BrandF,73.13,27,160,2025-08-23,3.0
electronics_025,BrandF Headphones,electronics,BrandF,67.22,3,14,2025-08-24,4.5
electronics_025,BrandF Headphones,electronics,BrandF,69.07,27,156,2025-08-25,3.2
electronics_025,BrandF Headphones,electronics,BrandF,64.5,21,83,2025-08-26,3.8
electronics_025,BrandF Headphones,electronics,BrandF,71.86,23,181,2025-08-27,4.5
electronics_025,BrandF Headphones,electronics,BrandF,76.56,9,63,2025-08-28,4.2
electronics_025,BrandF Headphones,electronics,BrandF,70.31,22,78,2025-08-29,3.9
electronics_025,BrandF Headphones,electronics,BrandF,65.98,43,225,2025-08-30,5.0
electronics_025,BrandF Headphones,electronics,BrandF,72.42,60,301,2025-08-31,4.8
electronics_025,BrandF Headphones,electronics,BrandF,64.24,16,84,2025-09-01,4.1
electronics_025,BrandF Headphones,electronics,BrandF,61.94,46,254,2025-09-02,3.8
electronics_025,BrandF Headphones,electronics,BrandF,73.03,54,269,2025-09-03,3.2
electronics_025,BrandF Headphones,electronics,BrandF,65.39,20,87,2025-09-04,4.9
electronics_025,BrandF Headphones,electronics,BrandF,70.39,5,36,2025-09-05,4.9
electronics_025,BrandF Headphones,electronics,BrandF,73.27,4,10,2025-09-06,3.4
electronics_025,BrandF Headphones,electronics,BrandF,81.97,7,21,2025-09-07,4.0
electronics_025,BrandF Headphones,electronics,BrandF,64.95,24,178,2025-09-08,5.0
electronics_025,BrandF Headphones,electronics,BrandF,74.4,19,111,2025-09-09,3.6
electronics_025,BrandF Headphones,electronics,BrandF,70.66,8,53,2025-09-10,3.0
electronics_026,BrandG Smartwatch,electronics,BrandG,60.94,44,197,2025-07-13,3.9
electronics_026,BrandG Smartwatch,electronics,BrandG,64.17,28,164,2025-07-14,4.5
electronics_026,BrandG Smartwatch,electronics,BrandG,56.99,38,191,2025-07-15,4.4
electronics_026,BrandG Smartwatch,electronics,BrandG,61.92,49,116,2025-07-16,3.1
electronics_026,BrandG Smartwatch,electronics,BrandG,61.68,39,237,2025-07-17,4.4
electronics_026,BrandG Smartwatch,electronics,BrandG,60.73,42,241,2025-07-18,4.3
electronics_026,BrandG Smartwatch,electronics,BrandG,64.72,18,52,2025-07-19,4.6
electronics_026,BrandG Smartwatch,electronics,BrandG,64.1,17,83,2025-07-20,3.9
electronics_026,BrandG Smartwatch,electronics,BrandG,59.72,14,41,2025-07-21,3.6
electronics_026,BrandG Smartwatch,electronics,BrandG,62.7,5,28,2025-07-22,4.5
electronics_026,BrandG Smartwatch,electronics,BrandG,62.67,36,233,2025-07-23,3.4
electronics_026,BrandG Smartwatch,electronics,BrandG,62.12,23,75,2025-07-24,3.8
electronics_026,BrandG Smartwatch,electronics,BrandG,58.67,49,131,2025-07-25,4.6
electronics_026,BrandG Smartwatch,electronics,BrandG,60.18,26,62,2025-07-26,3.1
electronics_026,BrandG Smartwatch,electronics,BrandG,63.61,30,212,2025-07-27,4.0
electronics_026,BrandG Smartwatch,electronics,BrandG,60.45,32,129,2025-07-28,3.2
electronics_026,BrandG Smartwatch,electronics,BrandG,63.17,17,116,2025-07-29,3.6
electronics_026,BrandG Smartwatch,electronics,BrandG,59.61,19,39,2025-07-30,3.2
electronics_026,BrandG Smartwatch,electronics,BrandG,60.07,20,155,2025-07-31,4.0
electronics_026,BrandG Smartwatch,electronics,BrandG,55.82,24,51,2025-08-01,4.0
electronics_026,BrandG Smartwatch,electronics,BrandG,59.0,38,188,2025-08-02,3.7
electronics_026,BrandG Smartwatch,electronics,BrandG,63.31,29,107,2025-08-03,3.4
electronics_026,BrandG Smartwatch,electronics,BrandG,56.58,35,197,2025-08-04,3.2
electronics_026,BrandG Smartwatch,electronics,BrandG,60.64,16,40,2025-08-05,4.5
electronics_026,BrandG Smartwatch,electronics,BrandG,59.04,9,51,2025-08-06,3.6
electronics_026,BrandG Smartwatch,electronics,BrandG,59.58,17,88,2025-08-07,4.7
electronics_026,BrandG Smartwatch,electronics,BrandG,58.28,35,71,2025-08-08,4.6
electronics_026,BrandG Smartwatch,electronics,BrandG,58.96,22,149,2025-08-09,4.6
electronics_026,BrandG Smartwatch,electronics,BrandG,58.65,24,49,2025-08-10,3.2
electronics_026,BrandG Smartwatch,electronics,BrandG,59.72,26,206,2025-08-11,4.3
electronics_026,BrandG Smartwatch,electronics,BrandG,60.45,23,65,2025-08-12,4.8
electronics_026,BrandG Smartwatch,electronics,BrandG,60.7,23,129,2025-08-13,3.2
electronics_026,BrandG Smartwatch,electronics,BrandG,55.49,40,268,2025-08-14,4.6
electronics_026,BrandG Smartwatch,electronics,BrandG,62.72,15,70,2025-08-15,4.4
electronics_026,BrandG Smartwatch,electronics,BrandG,67.03,17,44,2025-08-16,4.8
electronics_026,BrandG Smartwatch,electronics,BrandG,59.18,42,314,2025-08-17,3.3
electronics_026,BrandG Smartwatch,electronics,BrandG,53.91,6,14,2025-08-18,3.9
electronics_026,BrandG Smartwatch,electronics,BrandG,56.55,20,60,2025-08-19,4.7
electronics_026,BrandG Smartwatch,electronics,BrandG,62.74,18,41,2025-08-20,4.9
electronics_026,BrandG Smartwatch,electronics,BrandG,54.12,12,48,2025-08-21,3.0
electronics_026,BrandG Smartwatch,electronics,BrandG,61.88,24,146,2025-08-22,3.2
electronics_026,BrandG Smartwatch,electronics,BrandG,62.08,10,21,2025-08-23,4.6
electronics_026,BrandG Smartwatch,electronics,BrandG,67.38,11,78,2025-08-24,4.7
electronics_026,BrandG Smartwatch,electronics,BrandG,60.42,53,107,2025-08-25,4.2
electronics_026,BrandG Smartwatch,electronics,BrandG,59.07,11,49,2025-08-26,4.5
electronics_026,BrandG Smartwatch,electronics,BrandG,59.81,11,74,2025-08-27,3.1
electronics_026,BrandG Smartwatch,electronics,BrandG,57.16,50,389,2025-08-28,3.2
electronics_026,BrandG Smartwatch,electronics,BrandG,63.33,14,46,2025-08-29,4.7
electronics_026,BrandG Smartwatch,electronics,BrandG,62.88,18,79,2025-08-30,3.3
electronics_026,BrandG Smartwatch,electronics,BrandG,65.13,50,107,2025-08-31,4.1
electronics_026,BrandG Smartwatch,electronics,BrandG,58.37,31,97,2025-09-01,4.3
electronics_026,BrandG Smartwatch,electronics,BrandG,61.51,40,272,2025-09-02,4.1
electronics_026,BrandG Smartwatch,electronics,BrandG,59.38,21,127,2025-09-03,4.2
electronics_026,BrandG Smartwatch,electronics,BrandG,55.75,10,61,2025-09-04,4.3
electronics_026,BrandG Smartwatch,electronics,BrandG,57.24,21,137,2025-09-05,4.5
electronics_026,BrandG Smartwatch,electronics,BrandG,69.61,17,105,2025-09-06,4.7
electronics_026,BrandG Smartwatch,electronics,BrandG,63.19,35,204,2025-09-07,4.4
electronics_026,BrandG Smartwatch,electronics,BrandG,66.64,11,84,2025-09-08,4.6
electronics_026,BrandG Smartwatch,electronics,BrandG,63.41,4,10,2025-09-09,3.5
electronics_026,BrandG Smartwatch,electronics,BrandG,62.88,32,166,2025-09-10,3.8
electronics_027,BrandH Speaker,electronics,BrandH,956.9,18,45,2025-07-13,3.1
electronics_027,BrandH Speaker,electronics,BrandH,989.69,7,48,2025-07-14,3.1
electronics_027,BrandH Speaker,electronics,BrandH,936.68,40,196,2025-07-15,3.6
electronics_027,BrandH Speaker,electronics,BrandH,880.02,25,67,2025-07-16,5.0
electronics_027,BrandH Speaker,electronics,BrandH,905.43,23,96,2025-07-17,4.7
electronics_027,BrandH Speaker,electronics,BrandH,1090.46,6,42,2025-07-18,4.5
electronics_027,BrandH Speaker,electronics,BrandH,1018.04,13,102,2025-07-19,3.5
electronics_027,BrandH Speaker,electronics,BrandH,1017.38,17,92,2025-07-20,4.9
electronics_027,BrandH Speaker,electronics,BrandH,1069.17,22,49,2025-07-21,3.6
electronics_027,BrandH Speaker,electronics,BrandH,1031.17,33,111,2025-07-22,3.4
electronics_027,BrandH Speaker,electronics,BrandH,1021.91,18,90,2025-07-23,3.9
electronics_027,BrandH Speaker,electronics,BrandH,1002.68,3,10,2025-07-24,4.8
electronics_027,BrandH Speaker,electronics,BrandH,976.95,28,118,2025-07-25,4.5
electronics_027,BrandH Speaker,electronics,BrandH,1076.84,31,100,2025-07-26,3.7
electronics_027,BrandH Speaker,electronics,BrandH,937.87,27,107,2025-07-27,3.3
electronics_027,BrandH Speaker,electronics,BrandH,1014.83,11,62,2025-07-28,3.9
electronics_027,BrandH Speaker,electronics,BrandH,999.8,23,116,2025-07-29,4.7
electronics_027,BrandH Speaker,electronics,BrandH,976.23,34,145,2025-07-30,4.2
electronics_027,BrandH Speaker,electronics,BrandH,968.32,34,95,2025-07-31,3.6
electronics_027,BrandH Speaker,electronics,BrandH,1016.98,10,63,2025-08-01,4.9
electronics_027,BrandH Speaker,electronics,BrandH,1169.83,24,94,2025-08-02,4.0
electronics_027,BrandH Speaker,electronics,BrandH,1049.85,35,251,2025-08-03,4.8
electronics_027,BrandH Speaker,electronics,BrandH,1107.54,30,130,2025-08-04,4.9
electronics_027,BrandH Speaker,electronics,BrandH,1091.6,19,146,2025-08-05,3.5
electronics_027,BrandH Speaker,electronics,BrandH,1008.15,17,113,2025-08-06,4.1
electronics_027,BrandH Speaker,electronics,BrandH,936.05,25,142,2025-08-07,3.8
electronics_027,BrandH Speaker,electronics,BrandH,1089.77,17,70,2025-08-08,3.8
electronics_027,BrandH Speaker,electronics,BrandH,1098.3,11,54,2025-08-09,3.3
electronics_027,BrandH Speaker,electronics,BrandH,976.17,8,60,2025-08-10,4.2
electronics_027,BrandH Speaker,electronics,BrandH,947.86,47,273,2025-08-11,4.5
electronics_027,BrandH Speaker,electronics,BrandH,1021.55,30,213,2025-08-12,3.3
electronics_027,BrandH Speaker,electronics,BrandH,953.27,10,71,2025-08-13,3.1
electronics_027,BrandH Speaker,electronics,BrandH,991.32,9,30,2025-08-14,4.6
electronics_027,BrandH Speaker,electronics,BrandH,994.92,18,80,2025-08-15,3.2
electronics_027,BrandH Speaker,electronics,BrandH,1102.57,33,210,2025-08-16,3.0
electronics_027,BrandH Speaker,electronics,BrandH,1078.51,47,218,2025-08-17,4.2
electronics_027,BrandH Speaker,electronics,BrandH,1039.46,6,30,2025-08-18,4.4
electronics_027,BrandH Speaker,electronics,BrandH,1020.67,43,329,2025-08-19,3.1
electronics_027,BrandH Speaker,electronics,BrandH,984.33,14,73,2025-08-20,4.8
electronics_027,BrandH Speaker,electronics,BrandH,1010.27,18,64,2025-08-21,4.8
electronics_027,BrandH Speaker,electronics,BrandH,992.69,39,167,2025-08-22,4.5
electronics_027,BrandH Speaker,electronics,BrandH,987.92,35,165,2025-08-23,4.5
electronics_027,BrandH Speaker,electronics,BrandH,1037.64,7,34,2025-08-24,4.4
electronics_027,BrandH Speaker,electronics,BrandH,1064.75,21,130,2025-08-25,4.0
electronics_027,BrandH Speaker,electronics,BrandH,999.78,22,70,2025-08-26,3.6
electronics_027,BrandH Speaker,electronics,BrandH,1007.17,11,42,2025-08-27,4.5
electronics_027,BrandH Speaker,electronics,BrandH,942.33,8,53,2025-08-28,3.3
electronics_027,BrandH Speaker,electronics,BrandH,1024.23,10,57,2025-08-29,4.6
electronics_027,BrandH Speaker,electronics,BrandH,1039.64,12,34,2025-08-30,3.6
electronics_027,BrandH Speaker,electronics,BrandH,1053.22,15,64,2025-08-31,4.4
electronics_027,BrandH Speaker,electronics,BrandH,937.01,18,38,2025-09-01,3.2
electronics_027,BrandH Speaker,electronics,BrandH,1033.37,27,68,2025-09-02,4.7
electronics_027,BrandH Speaker,electronics,BrandH,1036.79,40,176,2025-09-03,3.4
electronics_027,BrandH Speaker,electronics,BrandH,1151.22,24,129,2025-09-04,4.9
electronics_027,BrandH Speaker,electronics,BrandH,987.07,18,127,2025-09-05,4.0
electronics_027,BrandH Speaker,electronics,BrandH,1011.16,13,83,2025-09-06,3.3
electronics_027,BrandH Speaker,electronics,BrandH,975.67,13,81,2025-09-07,3.7
electronics_027,BrandH Speaker,electronics,BrandH,954.17,32,135,2025-09-08,4.3
electronics_027,BrandH Speaker,electronics,BrandH,956.17,39,222,2025-09-09,3.9
electronics_027,BrandH Speaker,electronics,BrandH,962.13,17,116,2025-09-10,4.4
electronics_028,BrandI Laptop,electronics,BrandI,892.79,14,81,2025-07-13,5.0
electronics_028,BrandI Laptop,electronics,BrandI,874.23,17,89,2025-07-14,4.7
electronics_028,BrandI Laptop,electronics,BrandI,909.18,40,106,2025-07-15,3.7
electronics_028,BrandI Laptop,electronics,BrandI,880.8,7,47,2025-07-16,4.7
electronics_028,BrandI Laptop,electronics,BrandI,901.86,26,133,2025-07-17,4.7
electronics_028,BrandI Laptop,electronics,BrandI,832.61,13,65,2025-07-18,4.1
electronics_028,BrandI Laptop,electronics,BrandI,954.38,26,173,2025-07-19,3.4
electronics_028,BrandI Laptop,electronics,BrandI,923.55,27,120,2025-07-20,4.8
electronics_028,BrandI Laptop,electronics,BrandI,922.71,11,57,2025-07-21,4.8
electronics_028,BrandI Laptop,electronics,BrandI,881.81,21,111,2025-07-22,4.9
electronics_028,BrandI Laptop,electronics,BrandI,857.05,5,10,2025-07-23,3.9
electronics_028,BrandI Laptop,electronics,BrandI,872.64,28,105,2025-07-24,4.1
electronics_028,BrandI Laptop,electronics,BrandI,852.76,16,54,2025-07-25,4.1
electronics_028,BrandI Laptop,electronics,BrandI,930.36,6,36,2025-07-26,4.5
electronics_028,BrandI Laptop,electronics,BrandI,924.83,5,27,2025-07-27,3.5
electronics_028,BrandI Laptop,electronics,BrandI,972.47,55,291,2025-07-28,4.2
electronics_028,BrandI Laptop,electronics,BrandI,917.91,30,111,2025-07-29,4.7
electronics_028,BrandI Laptop,electronics,BrandI,948.45,30,93,2025-07-30,4.4
electronics_028,BrandI Laptop,electronics,BrandI,845.61,11,69,2025-07-31,3.5
electronics_028,BrandI Laptop,electronics,BrandI,864.06,15,34,2025-08-01,4.9
electronics_028,BrandI Laptop,electronics,BrandI,884.54,18,84,2025-08-02,4.3
electronics_028,BrandI Laptop,electronics,BrandI,913.85,31,109,2025-08-03,3.8
electronics_028,BrandI Laptop,electronics,BrandI,908.89,18,109,2025-08-04,3.0
electronics_028,BrandI Laptop,electronics,BrandI,887.8,43,332,2025-08-05,4.9
electronics_028,BrandI Laptop,electronics,BrandI,893.34,19,91,2025-08-06,4.4
electronics_028,BrandI Laptop,electronics,BrandI,881.87,38,261,2025-08-07,5.0
electronics_028,BrandI Laptop,electronics,BrandI,875.74,8,21,2025-08-08,3.6
electronics_028,BrandI Laptop,electronics,BrandI,984.48,37,212,2025-08-09,3.0
electronics_028,BrandI Laptop,electronics,BrandI,929.57,2,10,2025-08-10,3.4
electronics_028,BrandI Laptop,electronics,BrandI,868.64,30,136,2025-08-11,4.9
electronics_028,BrandI Laptop,electronics,BrandI,896.11,20,106,2025-08-12,4.9
electronics_028,BrandI Laptop,electronics,BrandI,861.76,3,16,2025-08-13,3.6
electronics_028,BrandI Laptop,electronics,BrandI,899.41,17,41,2025-08-14,4.4
electronics_028,BrandI Laptop,electronics,BrandI,838.55,22,139,2025-08-15,4.1
electronics_028,BrandI Laptop,electronics,BrandI,854.69,20,152,2025-08-16,4.3
electronics_028,BrandI Laptop,electronics,BrandI,925.22,29,74,2025-08-17,5.0
electronics_028,BrandI Laptop,electronics,BrandI,883.67,37,166,2025-08-18,3.9
electronics_028,BrandI Laptop,electronics,BrandI,949.53,5,27,2025-08-19,3.4
electronics_028,BrandI Laptop,electronics,BrandI,833.62,15,60,2025-08-20,3.2
electronics_028,BrandI Laptop,electronics,BrandI,919.9,7,53,2025-08-21,4.5
electronics_028,BrandI Laptop,electronics,BrandI,955.42,40,105,2025-08-22,4.0
electronics_028,BrandI Laptop,electronics,BrandI,962.23,43,104,2025-08-23,4.4
electronics_028,BrandI Laptop,electronics,BrandI,825.54,18,103,2025-08-24,4.8
electronics_028,BrandI Laptop,electronics,BrandI,951.93,17,44,2025-08-25,3.1
electronics_028,BrandI Laptop,electronics,BrandI,885.75,14,88,2025-08-26,4.5
electronics_028,BrandI Laptop,electronics,BrandI,908.66,5,14,2025-08-27,4.9
electronics_028,BrandI Laptop,electronics,BrandI,868.79,20,82,2025-08-28,4.6
electronics_028,BrandI Laptop,electronics,BrandI,842.72,30,131,2025-08-29,3.5
electronics_028,BrandI Laptop,electronics,BrandI,926.62,8,27,2025-08-30,3.8
electronics_028,BrandI Laptop,electronics,BrandI,982.68,35,173,2025-08-31,3.4
electronics_028,BrandI Laptop,electronics,BrandI,932.66,15,111,2025-09-01,3.2
electronics_028,BrandI Laptop,electronics,BrandI,910.18,30,94,2025-09-02,3.9
electronics_028,BrandI Laptop,electronics,BrandI,884.2,26,112,2025-09-03,3.7
electronics_028,BrandI Laptop,electronics,BrandI,937.39,5,21,2025-09-04,3.3
electronics_028,BrandI Laptop,electronics,BrandI,862.98,29,107,2025-09-05,3.4
electronics_028,BrandI Laptop,electronics,BrandI,911.46,20,100,2025-09-06,3.6
electronics_028,BrandI Laptop,electronics,BrandI,913.95,22,147,2025-09-07,4.1
electronics_028,BrandI Laptop,electronics,BrandI,832.37,15,44,2025-09-08,3.5
electronics_028,BrandI Laptop,electronics,BrandI,897.09,16,122,2025-09-09,3.4
electronics_028,BrandI Laptop,electronics,BrandI,942.28,25,88,2025-09-10,3.5
electronics_029,BrandJ Speaker,electronics,BrandJ,1342.76,9,49,2025-07-13,4.0
electronics_029,BrandJ Speaker,electronics,BrandJ,1261.95,21,95,2025-07-14,3.3
electronics_029,BrandJ Speaker,electronics,BrandJ,1355.04,18,71,2025-07-15,4.4
electronics_029,BrandJ Speaker,electronics,BrandJ,1051.69,9,18,2025-07-16,3.5
electronics_029,BrandJ Speaker,electronics,BrandJ,1215.11,11,72,2025-07-17,3.4
electronics_029,BrandJ Speaker,electronics,BrandJ,1199.37,8,35,2025-07-18,3.4
electronics_029,BrandJ Speaker,electronics,BrandJ,1246.75,17,126,2025-07-19,4.0
electronics_029,BrandJ Speaker,electronics,BrandJ,1244.9,9,29,2025-07-20,4.3
electronics_029,BrandJ Speaker,electronics,BrandJ,1128.3,18,37,2025-07-21,4.5
electronics_029,BrandJ Speaker,electronics,BrandJ,1208.09,24,67,2025-07-22,4.0
electronics_029,BrandJ Speaker,electronics,BrandJ,1152.02,10,40,2025-07-23,4.1
electronics_029,BrandJ Speaker,electronics,BrandJ,1132.45,19,68,2025-07-24,4.7
electronics_029,BrandJ Speaker,electronics,BrandJ,1250.31,15,95,2025-07-25,4.0
electronics_029,BrandJ Speaker,electronics,BrandJ,1160.23,37,168,2025-07-26,3.9
electronics_029,BrandJ Speaker,electronics,BrandJ,1322.81,23,94,2025-07-27,4.3
electronics_029,BrandJ Speaker,electronics,BrandJ,1232.11,31,182,2025-07-28,3.7
electronics_029,BrandJ Speaker,electronics,BrandJ,1219.52,44,153,2025-07-29,3.2
electronics_029,BrandJ Speaker,electronics,BrandJ,1208.04,29,58,2025-07-30,4.5
electronics_029,BrandJ Speaker,electronics,BrandJ,1272.97,16,110,2025-07-31,3.1
electronics_029,BrandJ Speaker,electronics,BrandJ,1146.12,22,152,2025-08-01,3.5
electronics_029,BrandJ Speaker,electronics,BrandJ,1279.33,15,76,2025-08-02,3.5
electronics_029,BrandJ Speaker,electronics,BrandJ,1239.53,6,44,2025-08-03,3.1
electronics_029,BrandJ Speaker,electronics,BrandJ,1158.15,6,35,2025-08-04,4.3
electronics_029,BrandJ Speaker,electronics,BrandJ,1201.46,21,46,2025-08-05,4.0
electronics_029,BrandJ Speaker,electronics,BrandJ,1238.58,35,138,2025-08-06,3.3
electronics_029,BrandJ Speaker,electronics,BrandJ,1242.06,28,134,2025-08-07,3.6
electronics_029,BrandJ Speaker,electronics,BrandJ,1088.53,10,55,2025-08-08,3.0
electronics_029,BrandJ Speaker,electronics,BrandJ,1295.17,3,10,2025-08-09,3.6
electronics_029,BrandJ Speaker,electronics,BrandJ,1264.76,4,20,2025-08-10,3.5
electronics_029,BrandJ Speaker,electronics,BrandJ,1276.41,35,169,2025-08-11,5.0
electronics_029,BrandJ Speaker,electronics,BrandJ,1080.75,20,41,2025-08-12,3.5
electronics_029,BrandJ Speaker,electronics,BrandJ,1240.57,42,96,2025-08-13,3.3
electronics_029,BrandJ Speaker,electronics,BrandJ,1160.51,9,71,2025-08-14,4.6
electronics_029,BrandJ Speaker,electronics,BrandJ,1270.15,22,148,2025-08-15,4.6
electronics_029,BrandJ Speaker,electronics,BrandJ,1258.04,3,10,2025-08-16,4.8
electronics_029,BrandJ Speaker,electronics,BrandJ,1349.5,29,223,2025-08-17,4.7
electronics_029,BrandJ Speaker,electronics,BrandJ,1068.19,8,35,2025-08-18,3.7
electronics_029,BrandJ Speaker,electronics,BrandJ,1313.46,37,235,2025-08-19,4.3
electronics_029,BrandJ Speaker,electronics,BrandJ,1183.28,12,79,2025-08-20,3.4
electronics_029,BrandJ Speaker,electronics,BrandJ,1234.29,11,39,2025-08-21,4.0
electronics_029,BrandJ Speaker,electronics,BrandJ,1282.45,23,125,2025-08-22,4.6
electronics_029,BrandJ Speaker,electronics,BrandJ,1275.71,10,62,2025-08-23,3.7
electronics_029,BrandJ Speaker,electronics,BrandJ,1194.51,18,59,2025-08-24,3.4
electronics_029,BrandJ Speaker,electronics,BrandJ,1243.79,38,206,2025-08-25,3.4
electronics_029,BrandJ Speaker,electronics,BrandJ,1221.22,18,87,2025-08-26,3.8
electronics_029,BrandJ Speaker,electronics,BrandJ,1183.65,38,283,2025-08-27,4.3
electronics_029,BrandJ Speaker,electronics,BrandJ,1082.76,5,13,2025-08-28,4.5
electronics_029,BrandJ Speaker,electronics,BrandJ,1123.82,11,84,2025-08-29,3.7
electronics_029,BrandJ Speaker,electronics,BrandJ,1228.16,22,46,2025-08-30,4.0
electronics_029,BrandJ Speaker,electronics,BrandJ,1167.09,25,147,2025-08-31,4.4
electronics_029,BrandJ Speaker,electronics,BrandJ,1152.48,26,205,2025-09-01,4.8
electronics_029,BrandJ Speaker,electronics,BrandJ,1188.28,31,177,2025-09-02,3.2
electronics_029,BrandJ Speaker,electronics,BrandJ,1228.32,11,27,2025-09-03,4.7
electronics_029,BrandJ Speaker,electronics,BrandJ,1131.09,31,149,2025-09-04,4.1
electronics_029,BrandJ Speaker,electronics,BrandJ,1199.45,17,115,2025-09-05,3.9
electronics_029,BrandJ Speaker,electronics,BrandJ,1315.29,22,148,2025-09-06,5.0
electronics_029,BrandJ Speaker,electronics,BrandJ,1285.8,34,68,2025-09-07,3.7
electronics_029,BrandJ Speaker,electronics,BrandJ,1234.54,11,42,2025-09-08,3.7
electronics_029,BrandJ Speaker,electronics,BrandJ,1270.78,33,214,2025-09-09,4.7
electronics_029,BrandJ Speaker,electronics,BrandJ,1052.95,14,79,2025-09-10,3.2
